0,1,2,3,4,5,6,7,8,9,10,11,12,13,14,15,16,17,18,19,20,2023-03-21 23:45:34.571829,true,false
0,1,2,3,4,5,6,7,8,9,10,11,12,13,14,15,16,17,18,19,20,2023-03-21 23:45:34.571951,true,false
0,1,2,3,4,5,6,7,8,9,10,11,12,13,14,15,16,17,18,19,20,2023-03-21 23:45:34.572024,true,false
0,1,2,3,4,5,6,7,8,9,10,11,12,13,14,15,16,17,18,19,20,2023-03-21 23:45:34.572076,true,false
0,1,2,3,4,5,6,7,8,9,10,11,12,13,14,15,16,17,18,19,20,2023-03-21 23:45:34.572125,true,false
0,1,2,3,4,5,6,7,8,9,10,11,12,13,14,15,16,17,18,19,20,2023-03-21 23:45:34.572172,true,false
0,1,2,3,4,5,6,7,8,9,10,11,12,13,14,15,16,17,18,19,20,2023-03-21 23:45:34.572220,true,false
0,1,2,3,4,5,6,7,8,9,10,11,12,13,14,15,16,17,18,19,20,2023-03-21 23:45:34.572266,true,false
0,1,2,3,4,5,6,7,8,9,10,11,12,13,14,15,16,17,18,19,20,2023-03-21 23:45:34.572310,true,false
0,1,2,3,4,5,6,7,8,9,10,11,12,13,14,15,16,17,18,19,20,2023-03-21 23:45:34.572357,true,false
0,1,2,3,4,5,6,7,8,9,10,11,12,13,14,15,16,17,18,19,20,2023-03-21 23:45:34.572402,true,false
0,1,2,3,4,5,6,7,8,9,10,11,12,13,14,15,16,17,18,19,20,2023-03-21 23:45:34.572444,true,false
0,1,2,3,4,5,6,7,8,9,10,11,12,13,14,15,16,17,18,19,20,2023-03-21 23:45:34.572489,true,false
0,1,2,3,4,5,6,7,8,9,10,11,12,13,14,15,16,17,18,19,20,2023-03-21 23:45:34.572532,true,false
0,1,2,3,4,5,6,7,8,9,10,11,12,13,14,15,16,17,18,19,20,2023-03-21 23:45:34.572575,true,false
0,1,2,3,4,5,6,7,8,9,10,11,12,13,14,15,16,17,18,19,20,2023-03-21 23:45:34.572617,true,false
0,1,2,3,4,5,6,7,8,9,10,11,12,13,14,15,16,17,18,19,20,2023-03-21 23:45:34.572655,true,false
0,1,2,3,4,5,6,7,8,9,10,11,12,13,14,15,16,17,18,19,20,2023-03-21 23:45:34.572693,true,false
0,1,2,3,4,5,6,7,8,9,10,11,12,13,14,15,16,17,18,19,20,2023-03-21 23:45:34.572738,true,false
0,1,2,3,4,5,6,7,8,9,10,11,12,13,14,15,16,17,18,19,20,2023-03-21 23:45:34.572780,true,false
0,1,2,3,4,5,6,7,8,9,10,11,12,13,14,15,16,17,18,19,20,2023-03-21 23:45:34.572826,true,false
0,1,2,3,4,5,6,7,8,9,10,11,12,13,14,15,16,17,18,19,20,2023-03-21 23:45:34.572867,true,false
0,1,2,3,4,5,6,7,8,9,10,11,12,13,14,15,16,17,18,19,20,2023-03-21 23:45:34.572905,true,false
0,1,2,3,4,5,6,7,8,9,10,11,12,13,14,15,16,17,18,19,20,2023-03-21 23:45:34.572943,true,false
0,1,2,3,4,5,6,7,8,9,10,11,12,13,14,15,16,17,18,19,20,2023-03-21 23:45:34.572985,true,false
0,1,2,3,4,5,6,7,8,9,10,11,12,13,14,15,16,17,18,19,20,2023-03-21 23:45:34.573027,true,false
0,1,2,3,4,5,6,7,8,9,10,11,12,13,14,15,16,17,18,19,20,2023-03-21 23:45:34.573064,true,false
0,1,2,3,4,5,6,7,8,9,10,11,12,13,14,15,16,17,18,19,20,2023-03-21 23:45:34.573109,true,false
0,1,2,3,4,5,6,7,8,9,10,11,12,13,14,15,16,17,18,19,20,2023-03-21 23:45:34.573151,true,false
0,1,2,3,4,5,6,7,8,9,10,11,12,13,14,15,16,17,18,19,20,2023-03-21 23:45:34.573196,true,false
0,1,2,3,4,5,6,7,8,9,10,11,12,13,14,15,16,17,18,19,20,2023-03-21 23:45:34.573231,true,false
0,1,2,3,4,5,6,7,8,9,10,11,12,13,14,15,16,17,18,19,20,2023-03-21 23:45:34.573269,true,false
0,1,2,3,4,5,6,7,8,9,10,11,12,13,14,15,16,17,18,19,20,2023-03-21 23:45:34.573307,true,false
0,1,2,3,4,5,6,7,8,9,10,11,12,13,14,15,16,17,18,19,20,2023-03-21 23:45:34.573352,true,false
0,1,2,3,4,5,6,7,8,9,10,11,12,13,14,15,16,17,18,19,20,2023-03-21 23:45:34.573390,true,false
0,1,2,3,4,5,6,7,8,9,10,11,12,13,14,15,16,17,18,19,20,2023-03-21 23:45:34.573428,true,false
0,1,2,3,4,5,6,7,8,9,10,11,12,13,14,15,16,17,18,19,20,2023-03-21 23:45:34.573468,true,false
0,1,2,3,4,5,6,7,8,9,10,11,12,13,14,15,16,17,18,19,20,2023-03-21 23:45:34.573504,true,false
0,1,2,3,4,5,6,7,8,9,10,11,12,13,14,15,16,17,18,19,20,2023-03-21 23:45:34.573547,true,false
0,1,2,3,4,5,6,7,8,9,10,11,12,13,14,15,16,17,18,19,20,2023-03-21 23:45:34.573589,true,false
0,1,2,3,4,5,6,7,8,9,10,11,12,13,14,15,16,17,18,19,20,2023-03-21 23:45:34.573633,true,false
0,1,2,3,4,5,6,7,8,9,10,11,12,13,14,15,16,17,18,19,20,2023-03-21 23:45:34.573670,true,false
0,1,2,3,4,5,6,7,8,9,10,11,12,13,14,15,16,17,18,19,20,2023-03-21 23:45:34.573712,true,false
0,1,2,3,4,5,6,7,8,9,10,11,12,13,14,15,16,17,18,19,20,2023-03-21 23:45:34.573749,true,false
0,1,2,3,4,5,6,7,8,9,10,11,12,13,14,15,16,17,18,19,20,2023-03-21 23:45:34.573794,true,false
0,1,2,3,4,5,6,7,8,9,10,11,12,13,14,15,16,17,18,19,20,2023-03-21 23:45:34.573833,true,false
0,1,2,3,4,5,6,7,8,9,10,11,12,13,14,15,16,17,18,19,20,2023-03-21 23:45:34.573870,true,false
0,1,2,3,4,5,6,7,8,9,10,11,12,13,14,15,16,17,18,19,20,2023-03-21 23:45:34.573907,true,false
0,1,2,3,4,5,6,7,8,9,10,11,12,13,14,15,16,17,18,19,20,2023-03-21 23:45:34.573946,true,false
0,1,2,3,4,5,6,7,8,9,10,11,12,13,14,15,16,17,18,19,20,2023-03-21 23:45:34.573989,true,false
0,1,2,3,4,5,6,7,8,9,10,11,12,13,14,15,16,17,18,19,20,2023-03-21 23:45:34.574031,true,false
0,1,2,3,4,5,6,7,8,9,10,11,12,13,14,15,16,17,18,19,20,2023-03-21 23:45:34.574068,true,false
0,1,2,3,4,5,6,7,8,9,10,11,12,13,14,15,16,17,18,19,20,2023-03-21 23:45:34.574105,true,false
0,1,2,3,4,5,6,7,8,9,10,11,12,13,14,15,16,17,18,19,20,2023-03-21 23:45:34.574147,true,false
0,1,2,3,4,5,6,7,8,9,10,11,12,13,14,15,16,17,18,19,20,2023-03-21 23:45:34.574185,true,false
0,1,2,3,4,5,6,7,8,9,10,11,12,13,14,15,16,17,18,19,20,2023-03-21 23:45:34.574223,true,false
0,1,2,3,4,5,6,7,8,9,10,11,12,13,14,15,16,17,18,19,20,2023-03-21 23:45:34.574261,true,false
0,1,2,3,4,5,6,7,8,9,10,11,12,13,14,15,16,17,18,19,20,2023-03-21 23:45:34.574308,true,false
0,1,2,3,4,5,6,7,8,9,10,11,12,13,14,15,16,17,18,19,20,2023-03-21 23:45:34.574351,true,false
0,1,2,3,4,5,6,7,8,9,10,11,12,13,14,15,16,17,18,19,20,2023-03-21 23:45:34.574389,true,false
0,1,2,3,4,5,6,7,8,9,10,11,12,13,14,15,16,17,18,19,20,2023-03-21 23:45:34.574432,true,false
0,1,2,3,4,5,6,7,8,9,10,11,12,13,14,15,16,17,18,19,20,2023-03-21 23:45:34.574475,true,false
0,1,2,3,4,5,6,7,8,9,10,11,12,13,14,15,16,17,18,19,20,2023-03-21 23:45:34.574514,true,false
0,1,2,3,4,5,6,7,8,9,10,11,12,13,14,15,16,17,18,19,20,2023-03-21 23:45:34.574554,true,false
0,1,2,3,4,5,6,7,8,9,10,11,12,13,14,15,16,17,18,19,20,2023-03-21 23:45:34.574590,true,false
0,1,2,3,4,5,6,7,8,9,10,11,12,13,14,15,16,17,18,19,20,2023-03-21 23:45:34.574629,true,false
0,1,2,3,4,5,6,7,8,9,10,11,12,13,14,15,16,17,18,19,20,2023-03-21 23:45:34.574665,true,false
0,1,2,3,4,5,6,7,8,9,10,11,12,13,14,15,16,17,18,19,20,2023-03-21 23:45:34.574707,true,false
0,1,2,3,4,5,6,7,8,9,10,11,12,13,14,15,16,17,18,19,20,2023-03-21 23:45:34.574745,true,false
0,1,2,3,4,5,6,7,8,9,10,11,12,13,14,15,16,17,18,19,20,2023-03-21 23:45:34.574782,true,false
0,1,2,3,4,5,6,7,8,9,10,11,12,13,14,15,16,17,18,19,20,2023-03-21 23:45:34.574819,true,false
0,1,2,3,4,5,6,7,8,9,10,11,12,13,14,15,16,17,18,19,20,2023-03-21 23:45:34.574860,true,false
0,1,2,3,4,5,6,7,8,9,10,11,12,13,14,15,16,17,18,19,20,2023-03-21 23:45:34.574899,true,false
0,1,2,3,4,5,6,7,8,9,10,11,12,13,14,15,16,17,18,19,20,2023-03-21 23:45:34.574943,true,false
0,1,2,3,4,5,6,7,8,9,10,11,12,13,14,15,16,17,18,19,20,2023-03-21 23:45:34.574981,true,false
0,1,2,3,4,5,6,7,8,9,10,11,12,13,14,15,16,17,18,19,20,2023-03-21 23:45:34.575019,true,false
0,1,2,3,4,5,6,7,8,9,10,11,12,13,14,15,16,17,18,19,20,2023-03-21 23:45:34.575059,true,false
0,1,2,3,4,5,6,7,8,9,10,11,12,13,14,15,16,17,18,19,20,2023-03-21 23:45:34.575096,true,false
0,1,2,3,4,5,6,7,8,9,10,11,12,13,14,15,16,17,18,19,20,2023-03-21 23:45:34.575141,true,false
0,1,2,3,4,5,6,7,8,9,10,11,12,13,14,15,16,17,18,19,20,2023-03-21 23:45:34.575186,true,false
0,1,2,3,4,5,6,7,8,9,10,11,12,13,14,15,16,17,18,19,20,2023-03-21 23:45:34.575228,true,false
0,1,2,3,4,5,6,7,8,9,10,11,12,13,14,15,16,17,18,19,20,2023-03-21 23:45:34.575265,true,false
0,1,2,3,4,5,6,7,8,9,10,11,12,13,14,15,16,17,18,19,20,2023-03-21 23:45:34.575309,true,false
0,1,2,3,4,5,6,7,8,9,10,11,12,13,14,15,16,17,18,19,20,2023-03-21 23:45:34.575346,true,false
0,1,2,3,4,5,6,7,8,9,10,11,12,13,14,15,16,17,18,19,20,2023-03-21 23:45:34.575384,true,false
0,1,2,3,4,5,6,7,8,9,10,11,12,13,14,15,16,17,18,19,20,2023-03-21 23:45:34.575421,true,false
0,1,2,3,4,5,6,7,8,9,10,11,12,13,14,15,16,17,18,19,20,2023-03-21 23:45:34.575460,true,false
0,1,2,3,4,5,6,7,8,9,10,11,12,13,14,15,16,17,18,19,20,2023-03-21 23:45:34.575501,true,false
0,1,2,3,4,5,6,7,8,9,10,11,12,13,14,15,16,17,18,19,20,2023-03-21 23:45:34.575540,true,false
0,1,2,3,4,5,6,7,8,9,10,11,12,13,14,15,16,17,18,19,20,2023-03-21 23:45:34.575578,true,false
0,1,2,3,4,5,6,7,8,9,10,11,12,13,14,15,16,17,18,19,20,2023-03-21 23:45:34.575613,true,false
0,1,2,3,4,5,6,7,8,9,10,11,12,13,14,15,16,17,18,19,20,2023-03-21 23:45:34.575704,true,false
0,1,2,3,4,5,6,7,8,9,10,11,12,13,14,15,16,17,18,19,20,2023-03-21 23:45:34.575765,true,false
0,1,2,3,4,5,6,7,8,9,10,11,12,13,14,15,16,17,18,19,20,2023-03-21 23:45:34.575809,true,false
0,1,2,3,4,5,6,7,8,9,10,11,12,13,14,15,16,17,18,19,20,2023-03-21 23:45:34.575849,true,false
0,1,2,3,4,5,6,7,8,9,10,11,12,13,14,15,16,17,18,19,20,2023-03-21 23:45:34.575885,true,false
0,1,2,3,4,5,6,7,8,9,10,11,12,13,14,15,16,17,18,19,20,2023-03-21 23:45:34.575920,true,false
0,1,2,3,4,5,6,7,8,9,10,11,12,13,14,15,16,17,18,19,20,2023-03-21 23:45:34.575949,true,false
0,1,2,3,4,5,6,7,8,9,10,11,12,13,14,15,16,17,18,19,20,2023-03-21 23:45:34.575985,true,false
0,1,2,3,4,5,6,7,8,9,10,11,12,13,14,15,16,17,18,19,20,2023-03-21 23:45:34.576021,true,false
0,1,2,3,4,5,6,7,8,9,10,11,12,13,14,15,16,17,18,19,20,2023-03-21 23:45:34.576053,true,false
0,1,2,3,4,5,6,7,8,9,10,11,12,13,14,15,16,17,18,19,20,2023-03-21 23:45:34.576087,true,false
0,1,2,3,4,5,6,7,8,9,10,11,12,13,14,15,16,17,18,19,20,2023-03-21 23:45:34.576120,true,false
0,1,2,3,4,5,6,7,8,9,10,11,12,13,14,15,16,17,18,19,20,2023-03-21 23:45:34.576156,true,false
0,1,2,3,4,5,6,7,8,9,10,11,12,13,14,15,16,17,18,19,20,2023-03-21 23:45:34.576193,true,false
0,1,2,3,4,5,6,7,8,9,10,11,12,13,14,15,16,17,18,19,20,2023-03-21 23:45:34.576228,true,false
0,1,2,3,4,5,6,7,8,9,10,11,12,13,14,15,16,17,18,19,20,2023-03-21 23:45:34.576260,true,false
0,1,2,3,4,5,6,7,8,9,10,11,12,13,14,15,16,17,18,19,20,2023-03-21 23:45:34.576298,true,false
0,1,2,3,4,5,6,7,8,9,10,11,12,13,14,15,16,17,18,19,20,2023-03-21 23:45:34.576335,true,false
0,1,2,3,4,5,6,7,8,9,10,11,12,13,14,15,16,17,18,19,20,2023-03-21 23:45:34.576372,true,false
0,1,2,3,4,5,6,7,8,9,10,11,12,13,14,15,16,17,18,19,20,2023-03-21 23:45:34.576411,true,false
0,1,2,3,4,5,6,7,8,9,10,11,12,13,14,15,16,17,18,19,20,2023-03-21 23:45:34.576451,true,false
0,1,2,3,4,5,6,7,8,9,10,11,12,13,14,15,16,17,18,19,20,2023-03-21 23:45:34.576487,true,false
0,1,2,3,4,5,6,7,8,9,10,11,12,13,14,15,16,17,18,19,20,2023-03-21 23:45:34.576521,true,false
0,1,2,3,4,5,6,7,8,9,10,11,12,13,14,15,16,17,18,19,20,2023-03-21 23:45:34.576558,true,false
0,1,2,3,4,5,6,7,8,9,10,11,12,13,14,15,16,17,18,19,20,2023-03-21 23:45:34.576598,true,false
0,1,2,3,4,5,6,7,8,9,10,11,12,13,14,15,16,17,18,19,20,2023-03-21 23:45:34.576627,true,false
0,1,2,3,4,5,6,7,8,9,10,11,12,13,14,15,16,17,18,19,20,2023-03-21 23:45:34.576660,true,false
0,1,2,3,4,5,6,7,8,9,10,11,12,13,14,15,16,17,18,19,20,2023-03-21 23:45:34.576695,true,false
0,1,2,3,4,5,6,7,8,9,10,11,12,13,14,15,16,17,18,19,20,2023-03-21 23:45:34.576732,true,false
0,1,2,3,4,5,6,7,8,9,10,11,12,13,14,15,16,17,18,19,20,2023-03-21 23:45:34.576772,true,false
0,1,2,3,4,5,6,7,8,9,10,11,12,13,14,15,16,17,18,19,20,2023-03-21 23:45:34.576808,true,false
0,1,2,3,4,5,6,7,8,9,10,11,12,13,14,15,16,17,18,19,20,2023-03-21 23:45:34.576846,true,false
0,1,2,3,4,5,6,7,8,9,10,11,12,13,14,15,16,17,18,19,20,2023-03-21 23:45:34.576884,true,false
0,1,2,3,4,5,6,7,8,9,10,11,12,13,14,15,16,17,18,19,20,2023-03-21 23:45:34.576921,true,false
0,1,2,3,4,5,6,7,8,9,10,11,12,13,14,15,16,17,18,19,20,2023-03-21 23:45:34.576959,true,false
0,1,2,3,4,5,6,7,8,9,10,11,12,13,14,15,16,17,18,19,20,2023-03-21 23:45:34.576997,true,false
0,1,2,3,4,5,6,7,8,9,10,11,12,13,14,15,16,17,18,19,20,2023-03-21 23:45:34.577034,true,false
0,1,2,3,4,5,6,7,8,9,10,11,12,13,14,15,16,17,18,19,20,2023-03-21 23:45:34.577072,true,false
0,1,2,3,4,5,6,7,8,9,10,11,12,13,14,15,16,17,18,19,20,2023-03-21 23:45:34.577112,true,false
0,1,2,3,4,5,6,7,8,9,10,11,12,13,14,15,16,17,18,19,20,2023-03-21 23:45:34.577150,true,false
0,1,2,3,4,5,6,7,8,9,10,11,12,13,14,15,16,17,18,19,20,2023-03-21 23:45:34.577189,true,false
0,1,2,3,4,5,6,7,8,9,10,11,12,13,14,15,16,17,18,19,20,2023-03-21 23:45:34.577225,true,false
0,1,2,3,4,5,6,7,8,9,10,11,12,13,14,15,16,17,18,19,20,2023-03-21 23:45:34.577264,true,false
0,1,2,3,4,5,6,7,8,9,10,11,12,13,14,15,16,17,18,19,20,2023-03-21 23:45:34.577306,true,false
0,1,2,3,4,5,6,7,8,9,10,11,12,13,14,15,16,17,18,19,20,2023-03-21 23:45:34.577349,true,false
0,1,2,3,4,5,6,7,8,9,10,11,12,13,14,15,16,17,18,19,20,2023-03-21 23:45:34.577396,true,false
0,1,2,3,4,5,6,7,8,9,10,11,12,13,14,15,16,17,18,19,20,2023-03-21 23:45:34.577433,true,false
0,1,2,3,4,5,6,7,8,9,10,11,12,13,14,15,16,17,18,19,20,2023-03-21 23:45:34.577477,true,false
0,1,2,3,4,5,6,7,8,9,10,11,12,13,14,15,16,17,18,19,20,2023-03-21 23:45:34.577515,true,false
0,1,2,3,4,5,6,7,8,9,10,11,12,13,14,15,16,17,18,19,20,2023-03-21 23:45:34.577554,true,false
0,1,2,3,4,5,6,7,8,9,10,11,12,13,14,15,16,17,18,19,20,2023-03-21 23:45:34.577597,true,false
0,1,2,3,4,5,6,7,8,9,10,11,12,13,14,15,16,17,18,19,20,2023-03-21 23:45:34.577635,true,false
0,1,2,3,4,5,6,7,8,9,10,11,12,13,14,15,16,17,18,19,20,2023-03-21 23:45:34.577675,true,false
0,1,2,3,4,5,6,7,8,9,10,11,12,13,14,15,16,17,18,19,20,2023-03-21 23:45:34.577713,true,false
0,1,2,3,4,5,6,7,8,9,10,11,12,13,14,15,16,17,18,19,20,2023-03-21 23:45:34.577750,true,false
0,1,2,3,4,5,6,7,8,9,10,11,12,13,14,15,16,17,18,19,20,2023-03-21 23:45:34.577796,true,false
0,1,2,3,4,5,6,7,8,9,10,11,12,13,14,15,16,17,18,19,20,2023-03-21 23:45:34.577837,true,false
0,1,2,3,4,5,6,7,8,9,10,11,12,13,14,15,16,17,18,19,20,2023-03-21 23:45:34.577876,true,false
0,1,2,3,4,5,6,7,8,9,10,11,12,13,14,15,16,17,18,19,20,2023-03-21 23:45:34.577917,true,false
0,1,2,3,4,5,6,7,8,9,10,11,12,13,14,15,16,17,18,19,20,2023-03-21 23:45:34.577962,true,false
0,1,2,3,4,5,6,7,8,9,10,11,12,13,14,15,16,17,18,19,20,2023-03-21 23:45:34.578004,true,false
0,1,2,3,4,5,6,7,8,9,10,11,12,13,14,15,16,17,18,19,20,2023-03-21 23:45:34.578042,true,false
0,1,2,3,4,5,6,7,8,9,10,11,12,13,14,15,16,17,18,19,20,2023-03-21 23:45:34.578084,true,false
0,1,2,3,4,5,6,7,8,9,10,11,12,13,14,15,16,17,18,19,20,2023-03-21 23:45:34.578121,true,false
0,1,2,3,4,5,6,7,8,9,10,11,12,13,14,15,16,17,18,19,20,2023-03-21 23:45:34.578165,true,false
0,1,2,3,4,5,6,7,8,9,10,11,12,13,14,15,16,17,18,19,20,2023-03-21 23:45:34.578210,true,false
0,1,2,3,4,5,6,7,8,9,10,11,12,13,14,15,16,17,18,19,20,2023-03-21 23:45:34.578250,true,false
0,1,2,3,4,5,6,7,8,9,10,11,12,13,14,15,16,17,18,19,20,2023-03-21 23:45:34.578289,true,false
0,1,2,3,4,5,6,7,8,9,10,11,12,13,14,15,16,17,18,19,20,2023-03-21 23:45:34.578327,true,false
0,1,2,3,4,5,6,7,8,9,10,11,12,13,14,15,16,17,18,19,20,2023-03-21 23:45:34.578366,true,false
0,1,2,3,4,5,6,7,8,9,10,11,12,13,14,15,16,17,18,19,20,2023-03-21 23:45:34.578405,true,false
0,1,2,3,4,5,6,7,8,9,10,11,12,13,14,15,16,17,18,19,20,2023-03-21 23:45:34.578443,true,false
0,1,2,3,4,5,6,7,8,9,10,11,12,13,14,15,16,17,18,19,20,2023-03-21 23:45:34.578483,true,false
0,1,2,3,4,5,6,7,8,9,10,11,12,13,14,15,16,17,18,19,20,2023-03-21 23:45:34.578521,true,false
0,1,2,3,4,5,6,7,8,9,10,11,12,13,14,15,16,17,18,19,20,2023-03-21 23:45:34.578554,true,false
0,1,2,3,4,5,6,7,8,9,10,11,12,13,14,15,16,17,18,19,20,2023-03-21 23:45:34.578591,true,false
0,1,2,3,4,5,6,7,8,9,10,11,12,13,14,15,16,17,18,19,20,2023-03-21 23:45:34.578630,true,false
0,1,2,3,4,5,6,7,8,9,10,11,12,13,14,15,16,17,18,19,20,2023-03-21 23:45:34.578668,true,false
0,1,2,3,4,5,6,7,8,9,10,11,12,13,14,15,16,17,18,19,20,2023-03-21 23:45:34.578709,true,false
0,1,2,3,4,5,6,7,8,9,10,11,12,13,14,15,16,17,18,19,20,2023-03-21 23:45:34.578748,true,false
0,1,2,3,4,5,6,7,8,9,10,11,12,13,14,15,16,17,18,19,20,2023-03-21 23:45:34.578787,true,false
0,1,2,3,4,5,6,7,8,9,10,11,12,13,14,15,16,17,18,19,20,2023-03-21 23:45:34.578825,true,false
0,1,2,3,4,5,6,7,8,9,10,11,12,13,14,15,16,17,18,19,20,2023-03-21 23:45:34.578866,true,false
0,1,2,3,4,5,6,7,8,9,10,11,12,13,14,15,16,17,18,19,20,2023-03-21 23:45:34.578905,true,false
0,1,2,3,4,5,6,7,8,9,10,11,12,13,14,15,16,17,18,19,20,2023-03-21 23:45:34.578943,true,false
0,1,2,3,4,5,6,7,8,9,10,11,12,13,14,15,16,17,18,19,20,2023-03-21 23:45:34.578982,true,false
0,1,2,3,4,5,6,7,8,9,10,11,12,13,14,15,16,17,18,19,20,2023-03-21 23:45:34.579020,true,false
0,1,2,3,4,5,6,7,8,9,10,11,12,13,14,15,16,17,18,19,20,2023-03-21 23:45:34.579059,true,false
0,1,2,3,4,5,6,7,8,9,10,11,12,13,14,15,16,17,18,19,20,2023-03-21 23:45:34.579099,true,false
0,1,2,3,4,5,6,7,8,9,10,11,12,13,14,15,16,17,18,19,20,2023-03-21 23:45:34.579139,true,false
0,1,2,3,4,5,6,7,8,9,10,11,12,13,14,15,16,17,18,19,20,2023-03-21 23:45:34.579176,true,false
0,1,2,3,4,5,6,7,8,9,10,11,12,13,14,15,16,17,18,19,20,2023-03-21 23:45:34.579212,true,false
0,1,2,3,4,5,6,7,8,9,10,11,12,13,14,15,16,17,18,19,20,2023-03-21 23:45:34.579248,true,false
0,1,2,3,4,5,6,7,8,9,10,11,12,13,14,15,16,17,18,19,20,2023-03-21 23:45:34.579286,true,false
0,1,2,3,4,5,6,7,8,9,10,11,12,13,14,15,16,17,18,19,20,2023-03-21 23:45:34.579322,true,false
0,1,2,3,4,5,6,7,8,9,10,11,12,13,14,15,16,17,18,19,20,2023-03-21 23:45:34.579359,true,false
0,1,2,3,4,5,6,7,8,9,10,11,12,13,14,15,16,17,18,19,20,2023-03-21 23:45:34.579396,true,false
0,1,2,3,4,5,6,7,8,9,10,11,12,13,14,15,16,17,18,19,20,2023-03-21 23:45:34.579436,true,false
0,1,2,3,4,5,6,7,8,9,10,11,12,13,14,15,16,17,18,19,20,2023-03-21 23:45:34.579475,true,false
0,1,2,3,4,5,6,7,8,9,10,11,12,13,14,15,16,17,18,19,20,2023-03-21 23:45:34.579511,true,false
0,1,2,3,4,5,6,7,8,9,10,11,12,13,14,15,16,17,18,19,20,2023-03-21 23:45:34.579548,true,false
0,1,2,3,4,5,6,7,8,9,10,11,12,13,14,15,16,17,18,19,20,2023-03-21 23:45:34.579586,true,false
0,1,2,3,4,5,6,7,8,9,10,11,12,13,14,15,16,17,18,19,20,2023-03-21 23:45:34.579627,true,false
0,1,2,3,4,5,6,7,8,9,10,11,12,13,14,15,16,17,18,19,20,2023-03-21 23:45:34.579666,true,false
0,1,2,3,4,5,6,7,8,9,10,11,12,13,14,15,16,17,18,19,20,2023-03-21 23:45:34.579707,true,false
0,1,2,3,4,5,6,7,8,9,10,11,12,13,14,15,16,17,18,19,20,2023-03-21 23:45:34.579749,true,false
0,1,2,3,4,5,6,7,8,9,10,11,12,13,14,15,16,17,18,19,20,2023-03-21 23:45:34.579785,true,false
0,1,2,3,4,5,6,7,8,9,10,11,12,13,14,15,16,17,18,19,20,2023-03-21 23:45:34.579823,true,false
0,1,2,3,4,5,6,7,8,9,10,11,12,13,14,15,16,17,18,19,20,2023-03-21 23:45:34.579864,true,false
0,1,2,3,4,5,6,7,8,9,10,11,12,13,14,15,16,17,18,19,20,2023-03-21 23:45:34.579901,true,false
0,1,2,3,4,5,6,7,8,9,10,11,12,13,14,15,16,17,18,19,20,2023-03-21 23:45:34.579941,true,false
0,1,2,3,4,5,6,7,8,9,10,11,12,13,14,15,16,17,18,19,20,2023-03-21 23:45:34.579978,true,false
0,1,2,3,4,5,6,7,8,9,10,11,12,13,14,15,16,17,18,19,20,2023-03-21 23:45:34.580020,true,false
0,1,2,3,4,5,6,7,8,9,10,11,12,13,14,15,16,17,18,19,20,2023-03-21 23:45:34.580060,true,false
0,1,2,3,4,5,6,7,8,9,10,11,12,13,14,15,16,17,18,19,20,2023-03-21 23:45:34.580097,true,false
0,1,2,3,4,5,6,7,8,9,10,11,12,13,14,15,16,17,18,19,20,2023-03-21 23:45:34.580137,true,false
0,1,2,3,4,5,6,7,8,9,10,11,12,13,14,15,16,17,18,19,20,2023-03-21 23:45:34.580177,true,false
0,1,2,3,4,5,6,7,8,9,10,11,12,13,14,15,16,17,18,19,20,2023-03-21 23:45:34.580221,true,false
0,1,2,3,4,5,6,7,8,9,10,11,12,13,14,15,16,17,18,19,20,2023-03-21 23:45:34.580264,true,false
0,1,2,3,4,5,6,7,8,9,10,11,12,13,14,15,16,17,18,19,20,2023-03-21 23:45:34.580306,true,false
0,1,2,3,4,5,6,7,8,9,10,11,12,13,14,15,16,17,18,19,20,2023-03-21 23:45:34.580344,true,false
0,1,2,3,4,5,6,7,8,9,10,11,12,13,14,15,16,17,18,19,20,2023-03-21 23:45:34.580382,true,false
0,1,2,3,4,5,6,7,8,9,10,11,12,13,14,15,16,17,18,19,20,2023-03-21 23:45:34.580422,true,false
0,1,2,3,4,5,6,7,8,9,10,11,12,13,14,15,16,17,18,19,20,2023-03-21 23:45:34.580461,true,false
0,1,2,3,4,5,6,7,8,9,10,11,12,13,14,15,16,17,18,19,20,2023-03-21 23:45:34.580498,true,false
0,1,2,3,4,5,6,7,8,9,10,11,12,13,14,15,16,17,18,19,20,2023-03-21 23:45:34.580580,true,false
0,1,2,3,4,5,6,7,8,9,10,11,12,13,14,15,16,17,18,19,20,2023-03-21 23:45:34.580627,true,false
0,1,2,3,4,5,6,7,8,9,10,11,12,13,14,15,16,17,18,19,20,2023-03-21 23:45:34.580681,true,false
0,1,2,3,4,5,6,7,8,9,10,11,12,13,14,15,16,17,18,19,20,2023-03-21 23:45:34.580721,true,false
0,1,2,3,4,5,6,7,8,9,10,11,12,13,14,15,16,17,18,19,20,2023-03-21 23:45:34.580756,true,false
0,1,2,3,4,5,6,7,8,9,10,11,12,13,14,15,16,17,18,19,20,2023-03-21 23:45:34.580792,true,false
0,1,2,3,4,5,6,7,8,9,10,11,12,13,14,15,16,17,18,19,20,2023-03-21 23:45:34.580834,true,false
0,1,2,3,4,5,6,7,8,9,10,11,12,13,14,15,16,17,18,19,20,2023-03-21 23:45:34.580872,true,false
0,1,2,3,4,5,6,7,8,9,10,11,12,13,14,15,16,17,18,19,20,2023-03-21 23:45:34.580909,true,false
0,1,2,3,4,5,6,7,8,9,10,11,12,13,14,15,16,17,18,19,20,2023-03-21 23:45:34.580949,true,false
0,1,2,3,4,5,6,7,8,9,10,11,12,13,14,15,16,17,18,19,20,2023-03-21 23:45:34.580989,true,false
0,1,2,3,4,5,6,7,8,9,10,11,12,13,14,15,16,17,18,19,20,2023-03-21 23:45:34.581025,true,false
0,1,2,3,4,5,6,7,8,9,10,11,12,13,14,15,16,17,18,19,20,2023-03-21 23:45:34.581067,true,false
0,1,2,3,4,5,6,7,8,9,10,11,12,13,14,15,16,17,18,19,20,2023-03-21 23:45:34.581104,true,false
0,1,2,3,4,5,6,7,8,9,10,11,12,13,14,15,16,17,18,19,20,2023-03-21 23:45:34.581140,true,false
0,1,2,3,4,5,6,7,8,9,10,11,12,13,14,15,16,17,18,19,20,2023-03-21 23:45:34.581175,true,false
0,1,2,3,4,5,6,7,8,9,10,11,12,13,14,15,16,17,18,19,20,2023-03-21 23:45:34.581208,true,false
0,1,2,3,4,5,6,7,8,9,10,11,12,13,14,15,16,17,18,19,20,2023-03-21 23:45:34.581246,true,false
0,1,2,3,4,5,6,7,8,9,10,11,12,13,14,15,16,17,18,19,20,2023-03-21 23:45:34.581282,true,false
0,1,2,3,4,5,6,7,8,9,10,11,12,13,14,15,16,17,18,19,20,2023-03-21 23:45:34.581320,true,false
0,1,2,3,4,5,6,7,8,9,10,11,12,13,14,15,16,17,18,19,20,2023-03-21 23:45:34.581358,true,false
0,1,2,3,4,5,6,7,8,9,10,11,12,13,14,15,16,17,18,19,20,2023-03-21 23:45:34.581393,true,false
0,1,2,3,4,5,6,7,8,9,10,11,12,13,14,15,16,17,18,19,20,2023-03-21 23:45:34.581430,true,false
0,1,2,3,4,5,6,7,8,9,10,11,12,13,14,15,16,17,18,19,20,2023-03-21 23:45:34.581473,true,false
0,1,2,3,4,5,6,7,8,9,10,11,12,13,14,15,16,17,18,19,20,2023-03-21 23:45:34.581518,true,false
0,1,2,3,4,5,6,7,8,9,10,11,12,13,14,15,16,17,18,19,20,2023-03-21 23:45:34.581558,true,false
0,1,2,3,4,5,6,7,8,9,10,11,12,13,14,15,16,17,18,19,20,2023-03-21 23:45:34.581602,true,false
0,1,2,3,4,5,6,7,8,9,10,11,12,13,14,15,16,17,18,19,20,2023-03-21 23:45:34.581643,true,false
0,1,2,3,4,5,6,7,8,9,10,11,12,13,14,15,16,17,18,19,20,2023-03-21 23:45:34.581682,true,false
0,1,2,3,4,5,6,7,8,9,10,11,12,13,14,15,16,17,18,19,20,2023-03-21 23:45:34.581719,true,false
0,1,2,3,4,5,6,7,8,9,10,11,12,13,14,15,16,17,18,19,20,2023-03-21 23:45:34.581760,true,false
0,1,2,3,4,5,6,7,8,9,10,11,12,13,14,15,16,17,18,19,20,2023-03-21 23:45:34.581802,true,false
0,1,2,3,4,5,6,7,8,9,10,11,12,13,14,15,16,17,18,19,20,2023-03-21 23:45:34.581842,true,false
0,1,2,3,4,5,6,7,8,9,10,11,12,13,14,15,16,17,18,19,20,2023-03-21 23:45:34.581882,true,false
0,1,2,3,4,5,6,7,8,9,10,11,12,13,14,15,16,17,18,19,20,2023-03-21 23:45:34.581922,true,false
0,1,2,3,4,5,6,7,8,9,10,11,12,13,14,15,16,17,18,19,20,2023-03-21 23:45:34.581963,true,false
0,1,2,3,4,5,6,7,8,9,10,11,12,13,14,15,16,17,18,19,20,2023-03-21 23:45:34.582002,true,false
0,1,2,3,4,5,6,7,8,9,10,11,12,13,14,15,16,17,18,19,20,2023-03-21 23:45:34.582042,true,false
0,1,2,3,4,5,6,7,8,9,10,11,12,13,14,15,16,17,18,19,20,2023-03-21 23:45:34.582080,true,false
0,1,2,3,4,5,6,7,8,9,10,11,12,13,14,15,16,17,18,19,20,2023-03-21 23:45:34.582121,true,false
0,1,2,3,4,5,6,7,8,9,10,11,12,13,14,15,16,17,18,19,20,2023-03-21 23:45:34.582161,true,false
0,1,2,3,4,5,6,7,8,9,10,11,12,13,14,15,16,17,18,19,20,2023-03-21 23:45:34.582201,true,false
0,1,2,3,4,5,6,7,8,9,10,11,12,13,14,15,16,17,18,19,20,2023-03-21 23:45:34.582243,true,false
0,1,2,3,4,5,6,7,8,9,10,11,12,13,14,15,16,17,18,19,20,2023-03-21 23:45:34.582284,true,false
0,1,2,3,4,5,6,7,8,9,10,11,12,13,14,15,16,17,18,19,20,2023-03-21 23:45:34.582321,true,false
0,1,2,3,4,5,6,7,8,9,10,11,12,13,14,15,16,17,18,19,20,2023-03-21 23:45:34.582360,true,false
0,1,2,3,4,5,6,7,8,9,10,11,12,13,14,15,16,17,18,19,20,2023-03-21 23:45:34.582396,true,false
0,1,2,3,4,5,6,7,8,9,10,11,12,13,14,15,16,17,18,19,20,2023-03-21 23:45:34.582433,true,false
0,1,2,3,4,5,6,7,8,9,10,11,12,13,14,15,16,17,18,19,20,2023-03-21 23:45:34.582468,true,false
0,1,2,3,4,5,6,7,8,9,10,11,12,13,14,15,16,17,18,19,20,2023-03-21 23:45:34.582509,true,false
0,1,2,3,4,5,6,7,8,9,10,11,12,13,14,15,16,17,18,19,20,2023-03-21 23:45:34.582547,true,false
0,1,2,3,4,5,6,7,8,9,10,11,12,13,14,15,16,17,18,19,20,2023-03-21 23:45:34.582584,true,false
0,1,2,3,4,5,6,7,8,9,10,11,12,13,14,15,16,17,18,19,20,2023-03-21 23:45:34.582622,true,false
0,1,2,3,4,5,6,7,8,9,10,11,12,13,14,15,16,17,18,19,20,2023-03-21 23:45:34.582661,true,false
0,1,2,3,4,5,6,7,8,9,10,11,12,13,14,15,16,17,18,19,20,2023-03-21 23:45:34.582699,true,false
0,1,2,3,4,5,6,7,8,9,10,11,12,13,14,15,16,17,18,19,20,2023-03-21 23:45:34.582738,true,false
0,1,2,3,4,5,6,7,8,9,10,11,12,13,14,15,16,17,18,19,20,2023-03-21 23:45:34.582777,true,false
0,1,2,3,4,5,6,7,8,9,10,11,12,13,14,15,16,17,18,19,20,2023-03-21 23:45:34.582811,true,false
0,1,2,3,4,5,6,7,8,9,10,11,12,13,14,15,16,17,18,19,20,2023-03-21 23:45:34.582851,true,false
0,1,2,3,4,5,6,7,8,9,10,11,12,13,14,15,16,17,18,19,20,2023-03-21 23:45:34.582893,true,false
0,1,2,3,4,5,6,7,8,9,10,11,12,13,14,15,16,17,18,19,20,2023-03-21 23:45:34.582930,true,false
0,1,2,3,4,5,6,7,8,9,10,11,12,13,14,15,16,17,18,19,20,2023-03-21 23:45:34.582967,true,false
0,1,2,3,4,5,6,7,8,9,10,11,12,13,14,15,16,17,18,19,20,2023-03-21 23:45:34.583006,true,false
0,1,2,3,4,5,6,7,8,9,10,11,12,13,14,15,16,17,18,19,20,2023-03-21 23:45:34.583041,true,false
0,1,2,3,4,5,6,7,8,9,10,11,12,13,14,15,16,17,18,19,20,2023-03-21 23:45:34.583079,true,false
0,1,2,3,4,5,6,7,8,9,10,11,12,13,14,15,16,17,18,19,20,2023-03-21 23:45:34.583115,true,false
0,1,2,3,4,5,6,7,8,9,10,11,12,13,14,15,16,17,18,19,20,2023-03-21 23:45:34.583158,true,false
0,1,2,3,4,5,6,7,8,9,10,11,12,13,14,15,16,17,18,19,20,2023-03-21 23:45:34.583197,true,false
0,1,2,3,4,5,6,7,8,9,10,11,12,13,14,15,16,17,18,19,20,2023-03-21 23:45:34.583233,true,false
0,1,2,3,4,5,6,7,8,9,10,11,12,13,14,15,16,17,18,19,20,2023-03-21 23:45:34.583270,true,false
0,1,2,3,4,5,6,7,8,9,10,11,12,13,14,15,16,17,18,19,20,2023-03-21 23:45:34.583308,true,false
0,1,2,3,4,5,6,7,8,9,10,11,12,13,14,15,16,17,18,19,20,2023-03-21 23:45:34.583344,true,false
0,1,2,3,4,5,6,7,8,9,10,11,12,13,14,15,16,17,18,19,20,2023-03-21 23:45:34.583381,true,false
0,1,2,3,4,5,6,7,8,9,10,11,12,13,14,15,16,17,18,19,20,2023-03-21 23:45:34.583418,true,false
0,1,2,3,4,5,6,7,8,9,10,11,12,13,14,15,16,17,18,19,20,2023-03-21 23:45:34.583458,true,false
0,1,2,3,4,5,6,7,8,9,10,11,12,13,14,15,16,17,18,19,20,2023-03-21 23:45:34.583494,true,false
0,1,2,3,4,5,6,7,8,9,10,11,12,13,14,15,16,17,18,19,20,2023-03-21 23:45:34.583533,true,false
0,1,2,3,4,5,6,7,8,9,10,11,12,13,14,15,16,17,18,19,20,2023-03-21 23:45:34.583574,true,false
0,1,2,3,4,5,6,7,8,9,10,11,12,13,14,15,16,17,18,19,20,2023-03-21 23:45:34.583614,true,false
0,1,2,3,4,5,6,7,8,9,10,11,12,13,14,15,16,17,18,19,20,2023-03-21 23:45:34.583650,true,false
0,1,2,3,4,5,6,7,8,9,10,11,12,13,14,15,16,17,18,19,20,2023-03-21 23:45:34.583685,true,false
0,1,2,3,4,5,6,7,8,9,10,11,12,13,14,15,16,17,18,19,20,2023-03-21 23:45:34.583721,true,false
0,1,2,3,4,5,6,7,8,9,10,11,12,13,14,15,16,17,18,19,20,2023-03-21 23:45:34.583753,true,false
0,1,2,3,4,5,6,7,8,9,10,11,12,13,14,15,16,17,18,19,20,2023-03-21 23:45:34.583791,true,false
0,1,2,3,4,5,6,7,8,9,10,11,12,13,14,15,16,17,18,19,20,2023-03-21 23:45:34.583822,true,false
0,1,2,3,4,5,6,7,8,9,10,11,12,13,14,15,16,17,18,19,20,2023-03-21 23:45:34.583856,true,false
0,1,2,3,4,5,6,7,8,9,10,11,12,13,14,15,16,17,18,19,20,2023-03-21 23:45:34.583889,true,false
0,1,2,3,4,5,6,7,8,9,10,11,12,13,14,15,16,17,18,19,20,2023-03-21 23:45:34.583922,true,false
0,1,2,3,4,5,6,7,8,9,10,11,12,13,14,15,16,17,18,19,20,2023-03-21 23:45:34.583957,true,false
0,1,2,3,4,5,6,7,8,9,10,11,12,13,14,15,16,17,18,19,20,2023-03-21 23:45:34.583992,true,false
0,1,2,3,4,5,6,7,8,9,10,11,12,13,14,15,16,17,18,19,20,2023-03-21 23:45:34.584026,true,false
0,1,2,3,4,5,6,7,8,9,10,11,12,13,14,15,16,17,18,19,20,2023-03-21 23:45:34.584061,true,false
0,1,2,3,4,5,6,7,8,9,10,11,12,13,14,15,16,17,18,19,20,2023-03-21 23:45:34.584096,true,false
0,1,2,3,4,5,6,7,8,9,10,11,12,13,14,15,16,17,18,19,20,2023-03-21 23:45:34.584134,true,false
0,1,2,3,4,5,6,7,8,9,10,11,12,13,14,15,16,17,18,19,20,2023-03-21 23:45:34.584171,true,false
0,1,2,3,4,5,6,7,8,9,10,11,12,13,14,15,16,17,18,19,20,2023-03-21 23:45:34.584206,true,false
0,1,2,3,4,5,6,7,8,9,10,11,12,13,14,15,16,17,18,19,20,2023-03-21 23:45:34.584241,true,false
0,1,2,3,4,5,6,7,8,9,10,11,12,13,14,15,16,17,18,19,20,2023-03-21 23:45:34.584278,true,false
0,1,2,3,4,5,6,7,8,9,10,11,12,13,14,15,16,17,18,19,20,2023-03-21 23:45:34.584314,true,false
0,1,2,3,4,5,6,7,8,9,10,11,12,13,14,15,16,17,18,19,20,2023-03-21 23:45:34.584341,true,false
0,1,2,3,4,5,6,7,8,9,10,11,12,13,14,15,16,17,18,19,20,2023-03-21 23:45:34.584379,true,false
0,1,2,3,4,5,6,7,8,9,10,11,12,13,14,15,16,17,18,19,20,2023-03-21 23:45:34.584414,true,false
0,1,2,3,4,5,6,7,8,9,10,11,12,13,14,15,16,17,18,19,20,2023-03-21 23:45:34.584448,true,false
0,1,2,3,4,5,6,7,8,9,10,11,12,13,14,15,16,17,18,19,20,2023-03-21 23:45:34.584482,true,false
0,1,2,3,4,5,6,7,8,9,10,11,12,13,14,15,16,17,18,19,20,2023-03-21 23:45:34.584522,true,false
0,1,2,3,4,5,6,7,8,9,10,11,12,13,14,15,16,17,18,19,20,2023-03-21 23:45:34.584558,true,false
0,1,2,3,4,5,6,7,8,9,10,11,12,13,14,15,16,17,18,19,20,2023-03-21 23:45:34.584591,true,false
0,1,2,3,4,5,6,7,8,9,10,11,12,13,14,15,16,17,18,19,20,2023-03-21 23:45:34.584626,true,false
0,1,2,3,4,5,6,7,8,9,10,11,12,13,14,15,16,17,18,19,20,2023-03-21 23:45:34.584662,true,false
0,1,2,3,4,5,6,7,8,9,10,11,12,13,14,15,16,17,18,19,20,2023-03-21 23:45:34.584729,true,false
0,1,2,3,4,5,6,7,8,9,10,11,12,13,14,15,16,17,18,19,20,2023-03-21 23:45:34.584765,true,false
0,1,2,3,4,5,6,7,8,9,10,11,12,13,14,15,16,17,18,19,20,2023-03-21 23:45:34.584798,true,false
0,1,2,3,4,5,6,7,8,9,10,11,12,13,14,15,16,17,18,19,20,2023-03-21 23:45:34.584835,true,false
0,1,2,3,4,5,6,7,8,9,10,11,12,13,14,15,16,17,18,19,20,2023-03-21 23:45:34.584872,true,false
0,1,2,3,4,5,6,7,8,9,10,11,12,13,14,15,16,17,18,19,20,2023-03-21 23:45:34.584900,true,false
0,1,2,3,4,5,6,7,8,9,10,11,12,13,14,15,16,17,18,19,20,2023-03-21 23:45:34.584937,true,false
0,1,2,3,4,5,6,7,8,9,10,11,12,13,14,15,16,17,18,19,20,2023-03-21 23:45:34.584969,true,false
0,1,2,3,4,5,6,7,8,9,10,11,12,13,14,15,16,17,18,19,20,2023-03-21 23:45:34.585006,true,false
0,1,2,3,4,5,6,7,8,9,10,11,12,13,14,15,16,17,18,19,20,2023-03-21 23:45:34.585043,true,false
0,1,2,3,4,5,6,7,8,9,10,11,12,13,14,15,16,17,18,19,20,2023-03-21 23:45:34.585082,true,false
0,1,2,3,4,5,6,7,8,9,10,11,12,13,14,15,16,17,18,19,20,2023-03-21 23:45:34.585113,true,false
0,1,2,3,4,5,6,7,8,9,10,11,12,13,14,15,16,17,18,19,20,2023-03-21 23:45:34.585143,true,false
0,1,2,3,4,5,6,7,8,9,10,11,12,13,14,15,16,17,18,19,20,2023-03-21 23:45:34.585172,true,false
0,1,2,3,4,5,6,7,8,9,10,11,12,13,14,15,16,17,18,19,20,2023-03-21 23:45:34.585214,true,false
0,1,2,3,4,5,6,7,8,9,10,11,12,13,14,15,16,17,18,19,20,2023-03-21 23:45:34.585249,true,false
0,1,2,3,4,5,6,7,8,9,10,11,12,13,14,15,16,17,18,19,20,2023-03-21 23:45:34.585285,true,false
0,1,2,3,4,5,6,7,8,9,10,11,12,13,14,15,16,17,18,19,20,2023-03-21 23:45:34.585317,true,false
0,1,2,3,4,5,6,7,8,9,10,11,12,13,14,15,16,17,18,19,20,2023-03-21 23:45:34.585347,true,false
0,1,2,3,4,5,6,7,8,9,10,11,12,13,14,15,16,17,18,19,20,2023-03-21 23:45:34.585382,true,false
0,1,2,3,4,5,6,7,8,9,10,11,12,13,14,15,16,17,18,19,20,2023-03-21 23:45:34.585421,true,false
0,1,2,3,4,5,6,7,8,9,10,11,12,13,14,15,16,17,18,19,20,2023-03-21 23:45:34.585457,true,false
0,1,2,3,4,5,6,7,8,9,10,11,12,13,14,15,16,17,18,19,20,2023-03-21 23:45:34.585492,true,false
0,1,2,3,4,5,6,7,8,9,10,11,12,13,14,15,16,17,18,19,20,2023-03-21 23:45:34.585526,true,false
0,1,2,3,4,5,6,7,8,9,10,11,12,13,14,15,16,17,18,19,20,2023-03-21 23:45:34.585564,true,false
0,1,2,3,4,5,6,7,8,9,10,11,12,13,14,15,16,17,18,19,20,2023-03-21 23:45:34.585601,true,false
0,1,2,3,4,5,6,7,8,9,10,11,12,13,14,15,16,17,18,19,20,2023-03-21 23:45:34.585638,true,false
0,1,2,3,4,5,6,7,8,9,10,11,12,13,14,15,16,17,18,19,20,2023-03-21 23:45:34.585671,true,false
0,1,2,3,4,5,6,7,8,9,10,11,12,13,14,15,16,17,18,19,20,2023-03-21 23:45:34.585706,true,false
0,1,2,3,4,5,6,7,8,9,10,11,12,13,14,15,16,17,18,19,20,2023-03-21 23:45:34.585741,true,false
0,1,2,3,4,5,6,7,8,9,10,11,12,13,14,15,16,17,18,19,20,2023-03-21 23:45:34.585776,true,false
0,1,2,3,4,5,6,7,8,9,10,11,12,13,14,15,16,17,18,19,20,2023-03-21 23:45:34.585812,true,false
0,1,2,3,4,5,6,7,8,9,10,11,12,13,14,15,16,17,18,19,20,2023-03-21 23:45:34.585849,true,false
0,1,2,3,4,5,6,7,8,9,10,11,12,13,14,15,16,17,18,19,20,2023-03-21 23:45:34.585885,true,false
0,1,2,3,4,5,6,7,8,9,10,11,12,13,14,15,16,17,18,19,20,2023-03-21 23:45:34.585919,true,false
0,1,2,3,4,5,6,7,8,9,10,11,12,13,14,15,16,17,18,19,20,2023-03-21 23:45:34.585957,true,false
0,1,2,3,4,5,6,7,8,9,10,11,12,13,14,15,16,17,18,19,20,2023-03-21 23:45:34.585987,true,false
0,1,2,3,4,5,6,7,8,9,10,11,12,13,14,15,16,17,18,19,20,2023-03-21 23:45:34.586028,true,false
0,1,2,3,4,5,6,7,8,9,10,11,12,13,14,15,16,17,18,19,20,2023-03-21 23:45:34.586062,true,false
0,1,2,3,4,5,6,7,8,9,10,11,12,13,14,15,16,17,18,19,20,2023-03-21 23:45:34.586098,true,false
0,1,2,3,4,5,6,7,8,9,10,11,12,13,14,15,16,17,18,19,20,2023-03-21 23:45:34.586133,true,false
0,1,2,3,4,5,6,7,8,9,10,11,12,13,14,15,16,17,18,19,20,2023-03-21 23:45:34.586168,true,false
0,1,2,3,4,5,6,7,8,9,10,11,12,13,14,15,16,17,18,19,20,2023-03-21 23:45:34.586203,true,false
0,1,2,3,4,5,6,7,8,9,10,11,12,13,14,15,16,17,18,19,20,2023-03-21 23:45:34.586237,true,false
0,1,2,3,4,5,6,7,8,9,10,11,12,13,14,15,16,17,18,19,20,2023-03-21 23:45:34.586274,true,false
0,1,2,3,4,5,6,7,8,9,10,11,12,13,14,15,16,17,18,19,20,2023-03-21 23:45:34.586310,true,false
0,1,2,3,4,5,6,7,8,9,10,11,12,13,14,15,16,17,18,19,20,2023-03-21 23:45:34.586346,true,false
0,1,2,3,4,5,6,7,8,9,10,11,12,13,14,15,16,17,18,19,20,2023-03-21 23:45:34.586380,true,false
0,1,2,3,4,5,6,7,8,9,10,11,12,13,14,15,16,17,18,19,20,2023-03-21 23:45:34.586416,true,false
0,1,2,3,4,5,6,7,8,9,10,11,12,13,14,15,16,17,18,19,20,2023-03-21 23:45:34.586451,true,false
0,1,2,3,4,5,6,7,8,9,10,11,12,13,14,15,16,17,18,19,20,2023-03-21 23:45:34.586486,true,false
0,1,2,3,4,5,6,7,8,9,10,11,12,13,14,15,16,17,18,19,20,2023-03-21 23:45:34.586520,true,false
0,1,2,3,4,5,6,7,8,9,10,11,12,13,14,15,16,17,18,19,20,2023-03-21 23:45:34.586557,true,false
0,1,2,3,4,5,6,7,8,9,10,11,12,13,14,15,16,17,18,19,20,2023-03-21 23:45:34.586585,true,false
0,1,2,3,4,5,6,7,8,9,10,11,12,13,14,15,16,17,18,19,20,2023-03-21 23:45:34.586614,true,false
0,1,2,3,4,5,6,7,8,9,10,11,12,13,14,15,16,17,18,19,20,2023-03-21 23:45:34.586652,true,false
0,1,2,3,4,5,6,7,8,9,10,11,12,13,14,15,16,17,18,19,20,2023-03-21 23:45:34.586687,true,false
0,1,2,3,4,5,6,7,8,9,10,11,12,13,14,15,16,17,18,19,20,2023-03-21 23:45:34.586723,true,false
0,1,2,3,4,5,6,7,8,9,10,11,12,13,14,15,16,17,18,19,20,2023-03-21 23:45:34.586761,true,false
0,1,2,3,4,5,6,7,8,9,10,11,12,13,14,15,16,17,18,19,20,2023-03-21 23:45:34.586795,true,false
0,1,2,3,4,5,6,7,8,9,10,11,12,13,14,15,16,17,18,19,20,2023-03-21 23:45:34.586829,true,false
0,1,2,3,4,5,6,7,8,9,10,11,12,13,14,15,16,17,18,19,20,2023-03-21 23:45:34.586863,true,false
0,1,2,3,4,5,6,7,8,9,10,11,12,13,14,15,16,17,18,19,20,2023-03-21 23:45:34.586896,true,false
0,1,2,3,4,5,6,7,8,9,10,11,12,13,14,15,16,17,18,19,20,2023-03-21 23:45:34.586930,true,false
0,1,2,3,4,5,6,7,8,9,10,11,12,13,14,15,16,17,18,19,20,2023-03-21 23:45:34.586966,true,false
0,1,2,3,4,5,6,7,8,9,10,11,12,13,14,15,16,17,18,19,20,2023-03-21 23:45:34.587002,true,false
0,1,2,3,4,5,6,7,8,9,10,11,12,13,14,15,16,17,18,19,20,2023-03-21 23:45:34.587037,true,false
0,1,2,3,4,5,6,7,8,9,10,11,12,13,14,15,16,17,18,19,20,2023-03-21 23:45:34.587072,true,false
0,1,2,3,4,5,6,7,8,9,10,11,12,13,14,15,16,17,18,19,20,2023-03-21 23:45:34.587107,true,false
0,1,2,3,4,5,6,7,8,9,10,11,12,13,14,15,16,17,18,19,20,2023-03-21 23:45:34.587142,true,false
0,1,2,3,4,5,6,7,8,9,10,11,12,13,14,15,16,17,18,19,20,2023-03-21 23:45:34.587177,true,false
0,1,2,3,4,5,6,7,8,9,10,11,12,13,14,15,16,17,18,19,20,2023-03-21 23:45:34.587208,true,false
0,1,2,3,4,5,6,7,8,9,10,11,12,13,14,15,16,17,18,19,20,2023-03-21 23:45:34.587245,true,false
0,1,2,3,4,5,6,7,8,9,10,11,12,13,14,15,16,17,18,19,20,2023-03-21 23:45:34.587281,true,false
0,1,2,3,4,5,6,7,8,9,10,11,12,13,14,15,16,17,18,19,20,2023-03-21 23:45:34.587315,true,false
0,1,2,3,4,5,6,7,8,9,10,11,12,13,14,15,16,17,18,19,20,2023-03-21 23:45:34.587349,true,false
0,1,2,3,4,5,6,7,8,9,10,11,12,13,14,15,16,17,18,19,20,2023-03-21 23:45:34.587385,true,false
0,1,2,3,4,5,6,7,8,9,10,11,12,13,14,15,16,17,18,19,20,2023-03-21 23:45:34.587414,true,false
0,1,2,3,4,5,6,7,8,9,10,11,12,13,14,15,16,17,18,19,20,2023-03-21 23:45:34.587448,true,false
0,1,2,3,4,5,6,7,8,9,10,11,12,13,14,15,16,17,18,19,20,2023-03-21 23:45:34.587485,true,false
0,1,2,3,4,5,6,7,8,9,10,11,12,13,14,15,16,17,18,19,20,2023-03-21 23:45:34.587521,true,false
0,1,2,3,4,5,6,7,8,9,10,11,12,13,14,15,16,17,18,19,20,2023-03-21 23:45:34.587558,true,false
0,1,2,3,4,5,6,7,8,9,10,11,12,13,14,15,16,17,18,19,20,2023-03-21 23:45:34.587593,true,false
0,1,2,3,4,5,6,7,8,9,10,11,12,13,14,15,16,17,18,19,20,2023-03-21 23:45:34.587628,true,false
0,1,2,3,4,5,6,7,8,9,10,11,12,13,14,15,16,17,18,19,20,2023-03-21 23:45:34.587664,true,false
0,1,2,3,4,5,6,7,8,9,10,11,12,13,14,15,16,17,18,19,20,2023-03-21 23:45:34.587697,true,false
0,1,2,3,4,5,6,7,8,9,10,11,12,13,14,15,16,17,18,19,20,2023-03-21 23:45:34.587734,true,false
0,1,2,3,4,5,6,7,8,9,10,11,12,13,14,15,16,17,18,19,20,2023-03-21 23:45:34.587769,true,false
0,1,2,3,4,5,6,7,8,9,10,11,12,13,14,15,16,17,18,19,20,2023-03-21 23:45:34.587801,true,false
0,1,2,3,4,5,6,7,8,9,10,11,12,13,14,15,16,17,18,19,20,2023-03-21 23:45:34.587838,true,false
0,1,2,3,4,5,6,7,8,9,10,11,12,13,14,15,16,17,18,19,20,2023-03-21 23:45:34.587877,true,false
0,1,2,3,4,5,6,7,8,9,10,11,12,13,14,15,16,17,18,19,20,2023-03-21 23:45:34.587914,true,false
0,1,2,3,4,5,6,7,8,9,10,11,12,13,14,15,16,17,18,19,20,2023-03-21 23:45:34.587948,true,false
0,1,2,3,4,5,6,7,8,9,10,11,12,13,14,15,16,17,18,19,20,2023-03-21 23:45:34.587982,true,false
0,1,2,3,4,5,6,7,8,9,10,11,12,13,14,15,16,17,18,19,20,2023-03-21 23:45:34.588017,true,false
0,1,2,3,4,5,6,7,8,9,10,11,12,13,14,15,16,17,18,19,20,2023-03-21 23:45:34.588052,true,false
0,1,2,3,4,5,6,7,8,9,10,11,12,13,14,15,16,17,18,19,20,2023-03-21 23:45:34.588087,true,false
0,1,2,3,4,5,6,7,8,9,10,11,12,13,14,15,16,17,18,19,20,2023-03-21 23:45:34.588122,true,false
0,1,2,3,4,5,6,7,8,9,10,11,12,13,14,15,16,17,18,19,20,2023-03-21 23:45:34.588159,true,false
0,1,2,3,4,5,6,7,8,9,10,11,12,13,14,15,16,17,18,19,20,2023-03-21 23:45:34.588195,true,false
0,1,2,3,4,5,6,7,8,9,10,11,12,13,14,15,16,17,18,19,20,2023-03-21 23:45:34.588230,true,false
0,1,2,3,4,5,6,7,8,9,10,11,12,13,14,15,16,17,18,19,20,2023-03-21 23:45:34.588258,true,false
0,1,2,3,4,5,6,7,8,9,10,11,12,13,14,15,16,17,18,19,20,2023-03-21 23:45:34.588294,true,false
0,1,2,3,4,5,6,7,8,9,10,11,12,13,14,15,16,17,18,19,20,2023-03-21 23:45:34.588319,true,false
0,1,2,3,4,5,6,7,8,9,10,11,12,13,14,15,16,17,18,19,20,2023-03-21 23:45:34.588346,true,false
0,1,2,3,4,5,6,7,8,9,10,11,12,13,14,15,16,17,18,19,20,2023-03-21 23:45:34.588384,true,false
0,1,2,3,4,5,6,7,8,9,10,11,12,13,14,15,16,17,18,19,20,2023-03-21 23:45:34.588421,true,false
0,1,2,3,4,5,6,7,8,9,10,11,12,13,14,15,16,17,18,19,20,2023-03-21 23:45:34.588459,true,false
0,1,2,3,4,5,6,7,8,9,10,11,12,13,14,15,16,17,18,19,20,2023-03-21 23:45:34.588494,true,false
0,1,2,3,4,5,6,7,8,9,10,11,12,13,14,15,16,17,18,19,20,2023-03-21 23:45:34.588533,true,false
0,1,2,3,4,5,6,7,8,9,10,11,12,13,14,15,16,17,18,19,20,2023-03-21 23:45:34.588569,true,false
0,1,2,3,4,5,6,7,8,9,10,11,12,13,14,15,16,17,18,19,20,2023-03-21 23:45:34.588604,true,false
0,1,2,3,4,5,6,7,8,9,10,11,12,13,14,15,16,17,18,19,20,2023-03-21 23:45:34.588637,true,false
0,1,2,3,4,5,6,7,8,9,10,11,12,13,14,15,16,17,18,19,20,2023-03-21 23:45:34.588672,true,false
0,1,2,3,4,5,6,7,8,9,10,11,12,13,14,15,16,17,18,19,20,2023-03-21 23:45:34.588706,true,false
0,1,2,3,4,5,6,7,8,9,10,11,12,13,14,15,16,17,18,19,20,2023-03-21 23:45:34.588740,true,false
0,1,2,3,4,5,6,7,8,9,10,11,12,13,14,15,16,17,18,19,20,2023-03-21 23:45:34.588777,true,false
0,1,2,3,4,5,6,7,8,9,10,11,12,13,14,15,16,17,18,19,20,2023-03-21 23:45:34.588807,true,false
0,1,2,3,4,5,6,7,8,9,10,11,12,13,14,15,16,17,18,19,20,2023-03-21 23:45:34.588842,true,false
0,1,2,3,4,5,6,7,8,9,10,11,12,13,14,15,16,17,18,19,20,2023-03-21 23:45:34.588876,true,false
0,1,2,3,4,5,6,7,8,9,10,11,12,13,14,15,16,17,18,19,20,2023-03-21 23:45:34.588909,true,false
0,1,2,3,4,5,6,7,8,9,10,11,12,13,14,15,16,17,18,19,20,2023-03-21 23:45:34.588948,true,false
0,1,2,3,4,5,6,7,8,9,10,11,12,13,14,15,16,17,18,19,20,2023-03-21 23:45:34.588982,true,false
0,1,2,3,4,5,6,7,8,9,10,11,12,13,14,15,16,17,18,19,20,2023-03-21 23:45:34.589012,true,false
0,1,2,3,4,5,6,7,8,9,10,11,12,13,14,15,16,17,18,19,20,2023-03-21 23:45:34.589047,true,false
0,1,2,3,4,5,6,7,8,9,10,11,12,13,14,15,16,17,18,19,20,2023-03-21 23:45:34.589084,true,false
0,1,2,3,4,5,6,7,8,9,10,11,12,13,14,15,16,17,18,19,20,2023-03-21 23:45:34.589112,true,false
0,1,2,3,4,5,6,7,8,9,10,11,12,13,14,15,16,17,18,19,20,2023-03-21 23:45:34.589149,true,false
0,1,2,3,4,5,6,7,8,9,10,11,12,13,14,15,16,17,18,19,20,2023-03-21 23:45:34.589185,true,false
0,1,2,3,4,5,6,7,8,9,10,11,12,13,14,15,16,17,18,19,20,2023-03-21 23:45:34.589222,true,false
0,1,2,3,4,5,6,7,8,9,10,11,12,13,14,15,16,17,18,19,20,2023-03-21 23:45:34.589258,true,false
0,1,2,3,4,5,6,7,8,9,10,11,12,13,14,15,16,17,18,19,20,2023-03-21 23:45:34.589295,true,false
0,1,2,3,4,5,6,7,8,9,10,11,12,13,14,15,16,17,18,19,20,2023-03-21 23:45:34.589328,true,false
0,1,2,3,4,5,6,7,8,9,10,11,12,13,14,15,16,17,18,19,20,2023-03-21 23:45:34.589360,true,false
0,1,2,3,4,5,6,7,8,9,10,11,12,13,14,15,16,17,18,19,20,2023-03-21 23:45:34.589396,true,false
0,1,2,3,4,5,6,7,8,9,10,11,12,13,14,15,16,17,18,19,20,2023-03-21 23:45:34.589429,true,false
0,1,2,3,4,5,6,7,8,9,10,11,12,13,14,15,16,17,18,19,20,2023-03-21 23:45:34.589462,true,false
0,1,2,3,4,5,6,7,8,9,10,11,12,13,14,15,16,17,18,19,20,2023-03-21 23:45:34.589499,true,false
0,1,2,3,4,5,6,7,8,9,10,11,12,13,14,15,16,17,18,19,20,2023-03-21 23:45:34.589537,true,false
0,1,2,3,4,5,6,7,8,9,10,11,12,13,14,15,16,17,18,19,20,2023-03-21 23:45:34.589567,true,false
0,1,2,3,4,5,6,7,8,9,10,11,12,13,14,15,16,17,18,19,20,2023-03-21 23:45:34.589601,true,false
0,1,2,3,4,5,6,7,8,9,10,11,12,13,14,15,16,17,18,19,20,2023-03-21 23:45:34.589633,true,false
0,1,2,3,4,5,6,7,8,9,10,11,12,13,14,15,16,17,18,19,20,2023-03-21 23:45:34.589671,true,false
0,1,2,3,4,5,6,7,8,9,10,11,12,13,14,15,16,17,18,19,20,2023-03-21 23:45:34.589708,true,false
0,1,2,3,4,5,6,7,8,9,10,11,12,13,14,15,16,17,18,19,20,2023-03-21 23:45:34.589744,true,false
0,1,2,3,4,5,6,7,8,9,10,11,12,13,14,15,16,17,18,19,20,2023-03-21 23:45:34.589774,true,false
0,1,2,3,4,5,6,7,8,9,10,11,12,13,14,15,16,17,18,19,20,2023-03-21 23:45:34.589811,true,false
0,1,2,3,4,5,6,7,8,9,10,11,12,13,14,15,16,17,18,19,20,2023-03-21 23:45:34.589846,true,false
0,1,2,3,4,5,6,7,8,9,10,11,12,13,14,15,16,17,18,19,20,2023-03-21 23:45:34.589882,true,false
0,1,2,3,4,5,6,7,8,9,10,11,12,13,14,15,16,17,18,19,20,2023-03-21 23:45:34.589918,true,false
0,1,2,3,4,5,6,7,8,9,10,11,12,13,14,15,16,17,18,19,20,2023-03-21 23:45:34.589953,true,false
0,1,2,3,4,5,6,7,8,9,10,11,12,13,14,15,16,17,18,19,20,2023-03-21 23:45:34.589983,true,false
0,1,2,3,4,5,6,7,8,9,10,11,12,13,14,15,16,17,18,19,20,2023-03-21 23:45:34.590030,true,false
0,1,2,3,4,5,6,7,8,9,10,11,12,13,14,15,16,17,18,19,20,2023-03-21 23:45:34.590061,true,false
0,1,2,3,4,5,6,7,8,9,10,11,12,13,14,15,16,17,18,19,20,2023-03-21 23:45:34.590097,true,false
0,1,2,3,4,5,6,7,8,9,10,11,12,13,14,15,16,17,18,19,20,2023-03-21 23:45:34.590135,true,false
0,1,2,3,4,5,6,7,8,9,10,11,12,13,14,15,16,17,18,19,20,2023-03-21 23:45:34.590170,true,false
0,1,2,3,4,5,6,7,8,9,10,11,12,13,14,15,16,17,18,19,20,2023-03-21 23:45:34.590198,true,false
0,1,2,3,4,5,6,7,8,9,10,11,12,13,14,15,16,17,18,19,20,2023-03-21 23:45:34.590234,true,false
0,1,2,3,4,5,6,7,8,9,10,11,12,13,14,15,16,17,18,19,20,2023-03-21 23:45:34.590269,true,false
0,1,2,3,4,5,6,7,8,9,10,11,12,13,14,15,16,17,18,19,20,2023-03-21 23:45:34.590306,true,false
0,1,2,3,4,5,6,7,8,9,10,11,12,13,14,15,16,17,18,19,20,2023-03-21 23:45:34.590340,true,false
0,1,2,3,4,5,6,7,8,9,10,11,12,13,14,15,16,17,18,19,20,2023-03-21 23:45:34.590377,true,false
0,1,2,3,4,5,6,7,8,9,10,11,12,13,14,15,16,17,18,19,20,2023-03-21 23:45:34.590407,true,false
0,1,2,3,4,5,6,7,8,9,10,11,12,13,14,15,16,17,18,19,20,2023-03-21 23:45:34.590437,true,false
0,1,2,3,4,5,6,7,8,9,10,11,12,13,14,15,16,17,18,19,20,2023-03-21 23:45:34.590471,true,false
0,1,2,3,4,5,6,7,8,9,10,11,12,13,14,15,16,17,18,19,20,2023-03-21 23:45:34.590507,true,false
0,1,2,3,4,5,6,7,8,9,10,11,12,13,14,15,16,17,18,19,20,2023-03-21 23:45:34.590543,true,false
0,1,2,3,4,5,6,7,8,9,10,11,12,13,14,15,16,17,18,19,20,2023-03-21 23:45:34.590574,true,false
0,1,2,3,4,5,6,7,8,9,10,11,12,13,14,15,16,17,18,19,20,2023-03-21 23:45:34.590611,true,false
0,1,2,3,4,5,6,7,8,9,10,11,12,13,14,15,16,17,18,19,20,2023-03-21 23:45:34.590647,true,false
0,1,2,3,4,5,6,7,8,9,10,11,12,13,14,15,16,17,18,19,20,2023-03-21 23:45:34.590683,true,false
0,1,2,3,4,5,6,7,8,9,10,11,12,13,14,15,16,17,18,19,20,2023-03-21 23:45:34.590712,true,false
0,1,2,3,4,5,6,7,8,9,10,11,12,13,14,15,16,17,18,19,20,2023-03-21 23:45:34.590751,true,false
0,1,2,3,4,5,6,7,8,9,10,11,12,13,14,15,16,17,18,19,20,2023-03-21 23:45:34.590785,true,false
0,1,2,3,4,5,6,7,8,9,10,11,12,13,14,15,16,17,18,19,20,2023-03-21 23:45:34.590819,true,false
0,1,2,3,4,5,6,7,8,9,10,11,12,13,14,15,16,17,18,19,20,2023-03-21 23:45:34.590852,true,false
0,1,2,3,4,5,6,7,8,9,10,11,12,13,14,15,16,17,18,19,20,2023-03-21 23:45:34.590885,true,false
0,1,2,3,4,5,6,7,8,9,10,11,12,13,14,15,16,17,18,19,20,2023-03-21 23:45:34.590921,true,false
0,1,2,3,4,5,6,7,8,9,10,11,12,13,14,15,16,17,18,19,20,2023-03-21 23:45:34.590955,true,false
0,1,2,3,4,5,6,7,8,9,10,11,12,13,14,15,16,17,18,19,20,2023-03-21 23:45:34.590987,true,false
0,1,2,3,4,5,6,7,8,9,10,11,12,13,14,15,16,17,18,19,20,2023-03-21 23:45:34.591019,true,false
0,1,2,3,4,5,6,7,8,9,10,11,12,13,14,15,16,17,18,19,20,2023-03-21 23:45:34.591053,true,false
0,1,2,3,4,5,6,7,8,9,10,11,12,13,14,15,16,17,18,19,20,2023-03-21 23:45:34.591085,true,false
0,1,2,3,4,5,6,7,8,9,10,11,12,13,14,15,16,17,18,19,20,2023-03-21 23:45:34.591118,true,false
0,1,2,3,4,5,6,7,8,9,10,11,12,13,14,15,16,17,18,19,20,2023-03-21 23:45:34.591152,true,false
0,1,2,3,4,5,6,7,8,9,10,11,12,13,14,15,16,17,18,19,20,2023-03-21 23:45:34.591190,true,false
0,1,2,3,4,5,6,7,8,9,10,11,12,13,14,15,16,17,18,19,20,2023-03-21 23:45:34.591223,true,false
0,1,2,3,4,5,6,7,8,9,10,11,12,13,14,15,16,17,18,19,20,2023-03-21 23:45:34.591256,true,false
0,1,2,3,4,5,6,7,8,9,10,11,12,13,14,15,16,17,18,19,20,2023-03-21 23:45:34.591289,true,false
0,1,2,3,4,5,6,7,8,9,10,11,12,13,14,15,16,17,18,19,20,2023-03-21 23:45:34.591321,true,false
0,1,2,3,4,5,6,7,8,9,10,11,12,13,14,15,16,17,18,19,20,2023-03-21 23:45:34.591353,true,false
0,1,2,3,4,5,6,7,8,9,10,11,12,13,14,15,16,17,18,19,20,2023-03-21 23:45:34.591390,true,false
0,1,2,3,4,5,6,7,8,9,10,11,12,13,14,15,16,17,18,19,20,2023-03-21 23:45:34.591425,true,false
0,1,2,3,4,5,6,7,8,9,10,11,12,13,14,15,16,17,18,19,20,2023-03-21 23:45:34.591459,true,false
0,1,2,3,4,5,6,7,8,9,10,11,12,13,14,15,16,17,18,19,20,2023-03-21 23:45:34.591500,true,false
0,1,2,3,4,5,6,7,8,9,10,11,12,13,14,15,16,17,18,19,20,2023-03-21 23:45:34.591535,true,false
0,1,2,3,4,5,6,7,8,9,10,11,12,13,14,15,16,17,18,19,20,2023-03-21 23:45:34.591568,true,false
0,1,2,3,4,5,6,7,8,9,10,11,12,13,14,15,16,17,18,19,20,2023-03-21 23:45:34.591604,true,false
0,1,2,3,4,5,6,7,8,9,10,11,12,13,14,15,16,17,18,19,20,2023-03-21 23:45:34.591640,true,false
0,1,2,3,4,5,6,7,8,9,10,11,12,13,14,15,16,17,18,19,20,2023-03-21 23:45:34.591674,true,false
0,1,2,3,4,5,6,7,8,9,10,11,12,13,14,15,16,17,18,19,20,2023-03-21 23:45:34.591708,true,false
0,1,2,3,4,5,6,7,8,9,10,11,12,13,14,15,16,17,18,19,20,2023-03-21 23:45:34.591743,true,false
0,1,2,3,4,5,6,7,8,9,10,11,12,13,14,15,16,17,18,19,20,2023-03-21 23:45:34.591778,true,false
0,1,2,3,4,5,6,7,8,9,10,11,12,13,14,15,16,17,18,19,20,2023-03-21 23:45:34.591814,true,false
0,1,2,3,4,5,6,7,8,9,10,11,12,13,14,15,16,17,18,19,20,2023-03-21 23:45:34.591850,true,false
0,1,2,3,4,5,6,7,8,9,10,11,12,13,14,15,16,17,18,19,20,2023-03-21 23:45:34.591884,true,false
0,1,2,3,4,5,6,7,8,9,10,11,12,13,14,15,16,17,18,19,20,2023-03-21 23:45:34.591921,true,false
0,1,2,3,4,5,6,7,8,9,10,11,12,13,14,15,16,17,18,19,20,2023-03-21 23:45:34.591956,true,false
0,1,2,3,4,5,6,7,8,9,10,11,12,13,14,15,16,17,18,19,20,2023-03-21 23:45:34.591994,true,false
0,1,2,3,4,5,6,7,8,9,10,11,12,13,14,15,16,17,18,19,20,2023-03-21 23:45:34.592032,true,false
0,1,2,3,4,5,6,7,8,9,10,11,12,13,14,15,16,17,18,19,20,2023-03-21 23:45:34.592068,true,false
0,1,2,3,4,5,6,7,8,9,10,11,12,13,14,15,16,17,18,19,20,2023-03-21 23:45:34.592103,true,false
0,1,2,3,4,5,6,7,8,9,10,11,12,13,14,15,16,17,18,19,20,2023-03-21 23:45:34.592137,true,false
0,1,2,3,4,5,6,7,8,9,10,11,12,13,14,15,16,17,18,19,20,2023-03-21 23:45:34.592172,true,false
0,1,2,3,4,5,6,7,8,9,10,11,12,13,14,15,16,17,18,19,20,2023-03-21 23:45:34.592208,true,false
0,1,2,3,4,5,6,7,8,9,10,11,12,13,14,15,16,17,18,19,20,2023-03-21 23:45:34.592246,true,false
0,1,2,3,4,5,6,7,8,9,10,11,12,13,14,15,16,17,18,19,20,2023-03-21 23:45:34.592283,true,false
0,1,2,3,4,5,6,7,8,9,10,11,12,13,14,15,16,17,18,19,20,2023-03-21 23:45:34.592317,true,false
0,1,2,3,4,5,6,7,8,9,10,11,12,13,14,15,16,17,18,19,20,2023-03-21 23:45:34.592354,true,false
0,1,2,3,4,5,6,7,8,9,10,11,12,13,14,15,16,17,18,19,20,2023-03-21 23:45:34.592390,true,false
0,1,2,3,4,5,6,7,8,9,10,11,12,13,14,15,16,17,18,19,20,2023-03-21 23:45:34.592425,true,false
0,1,2,3,4,5,6,7,8,9,10,11,12,13,14,15,16,17,18,19,20,2023-03-21 23:45:34.592462,true,false
0,1,2,3,4,5,6,7,8,9,10,11,12,13,14,15,16,17,18,19,20,2023-03-21 23:45:34.592500,true,false
0,1,2,3,4,5,6,7,8,9,10,11,12,13,14,15,16,17,18,19,20,2023-03-21 23:45:34.592536,true,false
0,1,2,3,4,5,6,7,8,9,10,11,12,13,14,15,16,17,18,19,20,2023-03-21 23:45:34.592574,true,false
0,1,2,3,4,5,6,7,8,9,10,11,12,13,14,15,16,17,18,19,20,2023-03-21 23:45:34.592610,true,false
0,1,2,3,4,5,6,7,8,9,10,11,12,13,14,15,16,17,18,19,20,2023-03-21 23:45:34.592646,true,false
0,1,2,3,4,5,6,7,8,9,10,11,12,13,14,15,16,17,18,19,20,2023-03-21 23:45:34.592682,true,false
0,1,2,3,4,5,6,7,8,9,10,11,12,13,14,15,16,17,18,19,20,2023-03-21 23:45:34.592722,true,false
0,1,2,3,4,5,6,7,8,9,10,11,12,13,14,15,16,17,18,19,20,2023-03-21 23:45:34.592761,true,false
0,1,2,3,4,5,6,7,8,9,10,11,12,13,14,15,16,17,18,19,20,2023-03-21 23:45:34.592797,true,false
0,1,2,3,4,5,6,7,8,9,10,11,12,13,14,15,16,17,18,19,20,2023-03-21 23:45:34.592833,true,false
0,1,2,3,4,5,6,7,8,9,10,11,12,13,14,15,16,17,18,19,20,2023-03-21 23:45:34.592870,true,false
0,1,2,3,4,5,6,7,8,9,10,11,12,13,14,15,16,17,18,19,20,2023-03-21 23:45:34.592908,true,false
0,1,2,3,4,5,6,7,8,9,10,11,12,13,14,15,16,17,18,19,20,2023-03-21 23:45:34.592945,true,false
0,1,2,3,4,5,6,7,8,9,10,11,12,13,14,15,16,17,18,19,20,2023-03-21 23:45:34.592982,true,false
0,1,2,3,4,5,6,7,8,9,10,11,12,13,14,15,16,17,18,19,20,2023-03-21 23:45:34.593020,true,false
0,1,2,3,4,5,6,7,8,9,10,11,12,13,14,15,16,17,18,19,20,2023-03-21 23:45:34.593055,true,false
0,1,2,3,4,5,6,7,8,9,10,11,12,13,14,15,16,17,18,19,20,2023-03-21 23:45:34.593092,true,false
0,1,2,3,4,5,6,7,8,9,10,11,12,13,14,15,16,17,18,19,20,2023-03-21 23:45:34.593128,true,false
0,1,2,3,4,5,6,7,8,9,10,11,12,13,14,15,16,17,18,19,20,2023-03-21 23:45:34.593165,true,false
0,1,2,3,4,5,6,7,8,9,10,11,12,13,14,15,16,17,18,19,20,2023-03-21 23:45:34.593201,true,false
0,1,2,3,4,5,6,7,8,9,10,11,12,13,14,15,16,17,18,19,20,2023-03-21 23:45:34.593236,true,false
0,1,2,3,4,5,6,7,8,9,10,11,12,13,14,15,16,17,18,19,20,2023-03-21 23:45:34.593271,true,false
0,1,2,3,4,5,6,7,8,9,10,11,12,13,14,15,16,17,18,19,20,2023-03-21 23:45:34.593306,true,false
0,1,2,3,4,5,6,7,8,9,10,11,12,13,14,15,16,17,18,19,20,2023-03-21 23:45:34.593343,true,false
0,1,2,3,4,5,6,7,8,9,10,11,12,13,14,15,16,17,18,19,20,2023-03-21 23:45:34.593380,true,false
0,1,2,3,4,5,6,7,8,9,10,11,12,13,14,15,16,17,18,19,20,2023-03-21 23:45:34.593416,true,false
0,1,2,3,4,5,6,7,8,9,10,11,12,13,14,15,16,17,18,19,20,2023-03-21 23:45:34.593453,true,false
0,1,2,3,4,5,6,7,8,9,10,11,12,13,14,15,16,17,18,19,20,2023-03-21 23:45:34.593488,true,false
0,1,2,3,4,5,6,7,8,9,10,11,12,13,14,15,16,17,18,19,20,2023-03-21 23:45:34.593525,true,false
0,1,2,3,4,5,6,7,8,9,10,11,12,13,14,15,16,17,18,19,20,2023-03-21 23:45:34.593561,true,false
0,1,2,3,4,5,6,7,8,9,10,11,12,13,14,15,16,17,18,19,20,2023-03-21 23:45:34.593596,true,false
0,1,2,3,4,5,6,7,8,9,10,11,12,13,14,15,16,17,18,19,20,2023-03-21 23:45:34.593632,true,false
0,1,2,3,4,5,6,7,8,9,10,11,12,13,14,15,16,17,18,19,20,2023-03-21 23:45:34.593670,true,false
0,1,2,3,4,5,6,7,8,9,10,11,12,13,14,15,16,17,18,19,20,2023-03-21 23:45:34.593705,true,false
0,1,2,3,4,5,6,7,8,9,10,11,12,13,14,15,16,17,18,19,20,2023-03-21 23:45:34.593742,true,false
0,1,2,3,4,5,6,7,8,9,10,11,12,13,14,15,16,17,18,19,20,2023-03-21 23:45:34.593779,true,false
0,1,2,3,4,5,6,7,8,9,10,11,12,13,14,15,16,17,18,19,20,2023-03-21 23:45:34.593815,true,false
0,1,2,3,4,5,6,7,8,9,10,11,12,13,14,15,16,17,18,19,20,2023-03-21 23:45:34.593850,true,false
0,1,2,3,4,5,6,7,8,9,10,11,12,13,14,15,16,17,18,19,20,2023-03-21 23:45:34.593887,true,false
0,1,2,3,4,5,6,7,8,9,10,11,12,13,14,15,16,17,18,19,20,2023-03-21 23:45:34.593924,true,false
0,1,2,3,4,5,6,7,8,9,10,11,12,13,14,15,16,17,18,19,20,2023-03-21 23:45:34.593960,true,false
0,1,2,3,4,5,6,7,8,9,10,11,12,13,14,15,16,17,18,19,20,2023-03-21 23:45:34.593998,true,false
0,1,2,3,4,5,6,7,8,9,10,11,12,13,14,15,16,17,18,19,20,2023-03-21 23:45:34.594037,true,false
0,1,2,3,4,5,6,7,8,9,10,11,12,13,14,15,16,17,18,19,20,2023-03-21 23:45:34.594072,true,false
0,1,2,3,4,5,6,7,8,9,10,11,12,13,14,15,16,17,18,19,20,2023-03-21 23:45:34.594108,true,false
0,1,2,3,4,5,6,7,8,9,10,11,12,13,14,15,16,17,18,19,20,2023-03-21 23:45:34.594145,true,false
0,1,2,3,4,5,6,7,8,9,10,11,12,13,14,15,16,17,18,19,20,2023-03-21 23:45:34.594183,true,false
0,1,2,3,4,5,6,7,8,9,10,11,12,13,14,15,16,17,18,19,20,2023-03-21 23:45:34.594219,true,false
0,1,2,3,4,5,6,7,8,9,10,11,12,13,14,15,16,17,18,19,20,2023-03-21 23:45:34.594255,true,false
0,1,2,3,4,5,6,7,8,9,10,11,12,13,14,15,16,17,18,19,20,2023-03-21 23:45:34.594291,true,false
0,1,2,3,4,5,6,7,8,9,10,11,12,13,14,15,16,17,18,19,20,2023-03-21 23:45:34.594327,true,false
0,1,2,3,4,5,6,7,8,9,10,11,12,13,14,15,16,17,18,19,20,2023-03-21 23:45:34.594364,true,false
0,1,2,3,4,5,6,7,8,9,10,11,12,13,14,15,16,17,18,19,20,2023-03-21 23:45:34.594399,true,false
0,1,2,3,4,5,6,7,8,9,10,11,12,13,14,15,16,17,18,19,20,2023-03-21 23:45:34.594438,true,false
0,1,2,3,4,5,6,7,8,9,10,11,12,13,14,15,16,17,18,19,20,2023-03-21 23:45:34.594474,true,false
0,1,2,3,4,5,6,7,8,9,10,11,12,13,14,15,16,17,18,19,20,2023-03-21 23:45:34.594511,true,false
0,1,2,3,4,5,6,7,8,9,10,11,12,13,14,15,16,17,18,19,20,2023-03-21 23:45:34.594546,true,false
0,1,2,3,4,5,6,7,8,9,10,11,12,13,14,15,16,17,18,19,20,2023-03-21 23:45:34.594581,true,false
0,1,2,3,4,5,6,7,8,9,10,11,12,13,14,15,16,17,18,19,20,2023-03-21 23:45:34.594615,true,false
0,1,2,3,4,5,6,7,8,9,10,11,12,13,14,15,16,17,18,19,20,2023-03-21 23:45:34.594654,true,false
0,1,2,3,4,5,6,7,8,9,10,11,12,13,14,15,16,17,18,19,20,2023-03-21 23:45:34.594691,true,false
0,1,2,3,4,5,6,7,8,9,10,11,12,13,14,15,16,17,18,19,20,2023-03-21 23:45:34.594728,true,false
0,1,2,3,4,5,6,7,8,9,10,11,12,13,14,15,16,17,18,19,20,2023-03-21 23:45:34.594763,true,false
0,1,2,3,4,5,6,7,8,9,10,11,12,13,14,15,16,17,18,19,20,2023-03-21 23:45:34.594799,true,false
0,1,2,3,4,5,6,7,8,9,10,11,12,13,14,15,16,17,18,19,20,2023-03-21 23:45:34.594833,true,false
0,1,2,3,4,5,6,7,8,9,10,11,12,13,14,15,16,17,18,19,20,2023-03-21 23:45:34.594866,true,false
0,1,2,3,4,5,6,7,8,9,10,11,12,13,14,15,16,17,18,19,20,2023-03-21 23:45:34.594899,true,false
0,1,2,3,4,5,6,7,8,9,10,11,12,13,14,15,16,17,18,19,20,2023-03-21 23:45:34.594934,true,false
0,1,2,3,4,5,6,7,8,9,10,11,12,13,14,15,16,17,18,19,20,2023-03-21 23:45:34.594969,true,false
0,1,2,3,4,5,6,7,8,9,10,11,12,13,14,15,16,17,18,19,20,2023-03-21 23:45:34.595003,true,false
0,1,2,3,4,5,6,7,8,9,10,11,12,13,14,15,16,17,18,19,20,2023-03-21 23:45:34.595039,true,false
0,1,2,3,4,5,6,7,8,9,10,11,12,13,14,15,16,17,18,19,20,2023-03-21 23:45:34.595073,true,false
0,1,2,3,4,5,6,7,8,9,10,11,12,13,14,15,16,17,18,19,20,2023-03-21 23:45:34.595108,true,false
0,1,2,3,4,5,6,7,8,9,10,11,12,13,14,15,16,17,18,19,20,2023-03-21 23:45:34.595143,true,false
0,1,2,3,4,5,6,7,8,9,10,11,12,13,14,15,16,17,18,19,20,2023-03-21 23:45:34.595181,true,false
0,1,2,3,4,5,6,7,8,9,10,11,12,13,14,15,16,17,18,19,20,2023-03-21 23:45:34.595217,true,false
0,1,2,3,4,5,6,7,8,9,10,11,12,13,14,15,16,17,18,19,20,2023-03-21 23:45:34.595251,true,false
0,1,2,3,4,5,6,7,8,9,10,11,12,13,14,15,16,17,18,19,20,2023-03-21 23:45:34.595290,true,false
0,1,2,3,4,5,6,7,8,9,10,11,12,13,14,15,16,17,18,19,20,2023-03-21 23:45:34.595325,true,false
0,1,2,3,4,5,6,7,8,9,10,11,12,13,14,15,16,17,18,19,20,2023-03-21 23:45:34.595361,true,false
0,1,2,3,4,5,6,7,8,9,10,11,12,13,14,15,16,17,18,19,20,2023-03-21 23:45:34.595398,true,false
0,1,2,3,4,5,6,7,8,9,10,11,12,13,14,15,16,17,18,19,20,2023-03-21 23:45:34.595434,true,false
0,1,2,3,4,5,6,7,8,9,10,11,12,13,14,15,16,17,18,19,20,2023-03-21 23:45:34.595470,true,false
0,1,2,3,4,5,6,7,8,9,10,11,12,13,14,15,16,17,18,19,20,2023-03-21 23:45:34.595505,true,false
0,1,2,3,4,5,6,7,8,9,10,11,12,13,14,15,16,17,18,19,20,2023-03-21 23:45:34.595542,true,false
0,1,2,3,4,5,6,7,8,9,10,11,12,13,14,15,16,17,18,19,20,2023-03-21 23:45:34.595579,true,false
0,1,2,3,4,5,6,7,8,9,10,11,12,13,14,15,16,17,18,19,20,2023-03-21 23:45:34.595617,true,false
0,1,2,3,4,5,6,7,8,9,10,11,12,13,14,15,16,17,18,19,20,2023-03-21 23:45:34.595654,true,false
0,1,2,3,4,5,6,7,8,9,10,11,12,13,14,15,16,17,18,19,20,2023-03-21 23:45:34.595691,true,false
0,1,2,3,4,5,6,7,8,9,10,11,12,13,14,15,16,17,18,19,20,2023-03-21 23:45:34.595726,true,false
0,1,2,3,4,5,6,7,8,9,10,11,12,13,14,15,16,17,18,19,20,2023-03-21 23:45:34.595761,true,false
0,1,2,3,4,5,6,7,8,9,10,11,12,13,14,15,16,17,18,19,20,2023-03-21 23:45:34.595796,true,false
0,1,2,3,4,5,6,7,8,9,10,11,12,13,14,15,16,17,18,19,20,2023-03-21 23:45:34.595834,true,false
0,1,2,3,4,5,6,7,8,9,10,11,12,13,14,15,16,17,18,19,20,2023-03-21 23:45:34.595869,true,false
0,1,2,3,4,5,6,7,8,9,10,11,12,13,14,15,16,17,18,19,20,2023-03-21 23:45:34.595907,true,false
0,1,2,3,4,5,6,7,8,9,10,11,12,13,14,15,16,17,18,19,20,2023-03-21 23:45:34.595942,true,false
0,1,2,3,4,5,6,7,8,9,10,11,12,13,14,15,16,17,18,19,20,2023-03-21 23:45:34.595979,true,false
0,1,2,3,4,5,6,7,8,9,10,11,12,13,14,15,16,17,18,19,20,2023-03-21 23:45:34.596015,true,false
0,1,2,3,4,5,6,7,8,9,10,11,12,13,14,15,16,17,18,19,20,2023-03-21 23:45:34.596052,true,false
0,1,2,3,4,5,6,7,8,9,10,11,12,13,14,15,16,17,18,19,20,2023-03-21 23:45:34.596087,true,false
0,1,2,3,4,5,6,7,8,9,10,11,12,13,14,15,16,17,18,19,20,2023-03-21 23:45:34.596121,true,false
0,1,2,3,4,5,6,7,8,9,10,11,12,13,14,15,16,17,18,19,20,2023-03-21 23:45:34.596155,true,false
0,1,2,3,4,5,6,7,8,9,10,11,12,13,14,15,16,17,18,19,20,2023-03-21 23:45:34.596188,true,false
0,1,2,3,4,5,6,7,8,9,10,11,12,13,14,15,16,17,18,19,20,2023-03-21 23:45:34.596222,true,false
0,1,2,3,4,5,6,7,8,9,10,11,12,13,14,15,16,17,18,19,20,2023-03-21 23:45:34.596256,true,false
0,1,2,3,4,5,6,7,8,9,10,11,12,13,14,15,16,17,18,19,20,2023-03-21 23:45:34.596291,true,false
0,1,2,3,4,5,6,7,8,9,10,11,12,13,14,15,16,17,18,19,20,2023-03-21 23:45:34.596326,true,false
0,1,2,3,4,5,6,7,8,9,10,11,12,13,14,15,16,17,18,19,20,2023-03-21 23:45:34.596359,true,false
0,1,2,3,4,5,6,7,8,9,10,11,12,13,14,15,16,17,18,19,20,2023-03-21 23:45:34.596394,true,false
0,1,2,3,4,5,6,7,8,9,10,11,12,13,14,15,16,17,18,19,20,2023-03-21 23:45:34.596430,true,false
0,1,2,3,4,5,6,7,8,9,10,11,12,13,14,15,16,17,18,19,20,2023-03-21 23:45:34.596464,true,false
0,1,2,3,4,5,6,7,8,9,10,11,12,13,14,15,16,17,18,19,20,2023-03-21 23:45:34.596495,true,false
0,1,2,3,4,5,6,7,8,9,10,11,12,13,14,15,16,17,18,19,20,2023-03-21 23:45:34.596534,true,false
0,1,2,3,4,5,6,7,8,9,10,11,12,13,14,15,16,17,18,19,20,2023-03-21 23:45:34.596570,true,false
0,1,2,3,4,5,6,7,8,9,10,11,12,13,14,15,16,17,18,19,20,2023-03-21 23:45:34.596603,true,false
0,1,2,3,4,5,6,7,8,9,10,11,12,13,14,15,16,17,18,19,20,2023-03-21 23:45:34.596636,true,false
0,1,2,3,4,5,6,7,8,9,10,11,12,13,14,15,16,17,18,19,20,2023-03-21 23:45:34.596670,true,false
0,1,2,3,4,5,6,7,8,9,10,11,12,13,14,15,16,17,18,19,20,2023-03-21 23:45:34.596703,true,false
0,1,2,3,4,5,6,7,8,9,10,11,12,13,14,15,16,17,18,19,20,2023-03-21 23:45:34.596739,true,false
0,1,2,3,4,5,6,7,8,9,10,11,12,13,14,15,16,17,18,19,20,2023-03-21 23:45:34.596776,true,false
0,1,2,3,4,5,6,7,8,9,10,11,12,13,14,15,16,17,18,19,20,2023-03-21 23:45:34.596810,true,false
0,1,2,3,4,5,6,7,8,9,10,11,12,13,14,15,16,17,18,19,20,2023-03-21 23:45:34.596847,true,false
0,1,2,3,4,5,6,7,8,9,10,11,12,13,14,15,16,17,18,19,20,2023-03-21 23:45:34.596881,true,false
0,1,2,3,4,5,6,7,8,9,10,11,12,13,14,15,16,17,18,19,20,2023-03-21 23:45:34.596917,true,false
0,1,2,3,4,5,6,7,8,9,10,11,12,13,14,15,16,17,18,19,20,2023-03-21 23:45:34.596954,true,false
0,1,2,3,4,5,6,7,8,9,10,11,12,13,14,15,16,17,18,19,20,2023-03-21 23:45:34.596991,true,false
0,1,2,3,4,5,6,7,8,9,10,11,12,13,14,15,16,17,18,19,20,2023-03-21 23:45:34.597030,true,false
0,1,2,3,4,5,6,7,8,9,10,11,12,13,14,15,16,17,18,19,20,2023-03-21 23:45:34.597067,true,false
0,1,2,3,4,5,6,7,8,9,10,11,12,13,14,15,16,17,18,19,20,2023-03-21 23:45:34.597102,true,false
0,1,2,3,4,5,6,7,8,9,10,11,12,13,14,15,16,17,18,19,20,2023-03-21 23:45:34.597136,true,false
0,1,2,3,4,5,6,7,8,9,10,11,12,13,14,15,16,17,18,19,20,2023-03-21 23:45:34.597172,true,false
0,1,2,3,4,5,6,7,8,9,10,11,12,13,14,15,16,17,18,19,20,2023-03-21 23:45:34.597209,true,false
0,1,2,3,4,5,6,7,8,9,10,11,12,13,14,15,16,17,18,19,20,2023-03-21 23:45:34.597245,true,false
0,1,2,3,4,5,6,7,8,9,10,11,12,13,14,15,16,17,18,19,20,2023-03-21 23:45:34.597279,true,false
0,1,2,3,4,5,6,7,8,9,10,11,12,13,14,15,16,17,18,19,20,2023-03-21 23:45:34.597316,true,false
0,1,2,3,4,5,6,7,8,9,10,11,12,13,14,15,16,17,18,19,20,2023-03-21 23:45:34.597352,true,false
0,1,2,3,4,5,6,7,8,9,10,11,12,13,14,15,16,17,18,19,20,2023-03-21 23:45:34.597389,true,false
0,1,2,3,4,5,6,7,8,9,10,11,12,13,14,15,16,17,18,19,20,2023-03-21 23:45:34.597425,true,false
0,1,2,3,4,5,6,7,8,9,10,11,12,13,14,15,16,17,18,19,20,2023-03-21 23:45:34.597461,true,false
0,1,2,3,4,5,6,7,8,9,10,11,12,13,14,15,16,17,18,19,20,2023-03-21 23:45:34.597498,true,false
0,1,2,3,4,5,6,7,8,9,10,11,12,13,14,15,16,17,18,19,20,2023-03-21 23:45:34.597535,true,false
0,1,2,3,4,5,6,7,8,9,10,11,12,13,14,15,16,17,18,19,20,2023-03-21 23:45:34.597573,true,false
0,1,2,3,4,5,6,7,8,9,10,11,12,13,14,15,16,17,18,19,20,2023-03-21 23:45:34.597607,true,false
0,1,2,3,4,5,6,7,8,9,10,11,12,13,14,15,16,17,18,19,20,2023-03-21 23:45:34.597644,true,false
0,1,2,3,4,5,6,7,8,9,10,11,12,13,14,15,16,17,18,19,20,2023-03-21 23:45:34.597679,true,false
0,1,2,3,4,5,6,7,8,9,10,11,12,13,14,15,16,17,18,19,20,2023-03-21 23:45:34.597715,true,false
0,1,2,3,4,5,6,7,8,9,10,11,12,13,14,15,16,17,18,19,20,2023-03-21 23:45:34.597753,true,false
0,1,2,3,4,5,6,7,8,9,10,11,12,13,14,15,16,17,18,19,20,2023-03-21 23:45:34.597790,true,false
0,1,2,3,4,5,6,7,8,9,10,11,12,13,14,15,16,17,18,19,20,2023-03-21 23:45:34.597831,true,false
0,1,2,3,4,5,6,7,8,9,10,11,12,13,14,15,16,17,18,19,20,2023-03-21 23:45:34.597866,true,false
0,1,2,3,4,5,6,7,8,9,10,11,12,13,14,15,16,17,18,19,20,2023-03-21 23:45:34.597901,true,false
0,1,2,3,4,5,6,7,8,9,10,11,12,13,14,15,16,17,18,19,20,2023-03-21 23:45:34.597937,true,false
0,1,2,3,4,5,6,7,8,9,10,11,12,13,14,15,16,17,18,19,20,2023-03-21 23:45:34.597973,true,false
0,1,2,3,4,5,6,7,8,9,10,11,12,13,14,15,16,17,18,19,20,2023-03-21 23:45:34.598009,true,false
0,1,2,3,4,5,6,7,8,9,10,11,12,13,14,15,16,17,18,19,20,2023-03-21 23:45:34.598044,true,false
0,1,2,3,4,5,6,7,8,9,10,11,12,13,14,15,16,17,18,19,20,2023-03-21 23:45:34.598077,true,false
0,1,2,3,4,5,6,7,8,9,10,11,12,13,14,15,16,17,18,19,20,2023-03-21 23:45:34.598113,true,false
0,1,2,3,4,5,6,7,8,9,10,11,12,13,14,15,16,17,18,19,20,2023-03-21 23:45:34.598148,true,false
0,1,2,3,4,5,6,7,8,9,10,11,12,13,14,15,16,17,18,19,20,2023-03-21 23:45:34.598183,true,false
0,1,2,3,4,5,6,7,8,9,10,11,12,13,14,15,16,17,18,19,20,2023-03-21 23:45:34.598221,true,false
0,1,2,3,4,5,6,7,8,9,10,11,12,13,14,15,16,17,18,19,20,2023-03-21 23:45:34.598256,true,false
0,1,2,3,4,5,6,7,8,9,10,11,12,13,14,15,16,17,18,19,20,2023-03-21 23:45:34.598291,true,false
0,1,2,3,4,5,6,7,8,9,10,11,12,13,14,15,16,17,18,19,20,2023-03-21 23:45:34.598327,true,false
0,1,2,3,4,5,6,7,8,9,10,11,12,13,14,15,16,17,18,19,20,2023-03-21 23:45:34.598364,true,false
0,1,2,3,4,5,6,7,8,9,10,11,12,13,14,15,16,17,18,19,20,2023-03-21 23:45:34.598399,true,false
0,1,2,3,4,5,6,7,8,9,10,11,12,13,14,15,16,17,18,19,20,2023-03-21 23:45:34.598435,true,false
0,1,2,3,4,5,6,7,8,9,10,11,12,13,14,15,16,17,18,19,20,2023-03-21 23:45:34.598475,true,false
0,1,2,3,4,5,6,7,8,9,10,11,12,13,14,15,16,17,18,19,20,2023-03-21 23:45:34.598511,true,false
0,1,2,3,4,5,6,7,8,9,10,11,12,13,14,15,16,17,18,19,20,2023-03-21 23:45:34.598546,true,false
0,1,2,3,4,5,6,7,8,9,10,11,12,13,14,15,16,17,18,19,20,2023-03-21 23:45:34.598580,true,false
0,1,2,3,4,5,6,7,8,9,10,11,12,13,14,15,16,17,18,19,20,2023-03-21 23:45:34.598679,true,false
0,1,2,3,4,5,6,7,8,9,10,11,12,13,14,15,16,17,18,19,20,2023-03-21 23:45:34.598730,true,false
0,1,2,3,4,5,6,7,8,9,10,11,12,13,14,15,16,17,18,19,20,2023-03-21 23:45:34.598771,true,false
0,1,2,3,4,5,6,7,8,9,10,11,12,13,14,15,16,17,18,19,20,2023-03-21 23:45:34.598810,true,false
0,1,2,3,4,5,6,7,8,9,10,11,12,13,14,15,16,17,18,19,20,2023-03-21 23:45:34.598850,true,false
0,1,2,3,4,5,6,7,8,9,10,11,12,13,14,15,16,17,18,19,20,2023-03-21 23:45:34.598886,true,false
0,1,2,3,4,5,6,7,8,9,10,11,12,13,14,15,16,17,18,19,20,2023-03-21 23:45:34.598921,true,false
0,1,2,3,4,5,6,7,8,9,10,11,12,13,14,15,16,17,18,19,20,2023-03-21 23:45:34.598957,true,false
0,1,2,3,4,5,6,7,8,9,10,11,12,13,14,15,16,17,18,19,20,2023-03-21 23:45:34.598992,true,false
0,1,2,3,4,5,6,7,8,9,10,11,12,13,14,15,16,17,18,19,20,2023-03-21 23:45:34.599027,true,false
0,1,2,3,4,5,6,7,8,9,10,11,12,13,14,15,16,17,18,19,20,2023-03-21 23:45:34.599062,true,false
0,1,2,3,4,5,6,7,8,9,10,11,12,13,14,15,16,17,18,19,20,2023-03-21 23:45:34.599095,true,false
0,1,2,3,4,5,6,7,8,9,10,11,12,13,14,15,16,17,18,19,20,2023-03-21 23:45:34.599134,true,false
0,1,2,3,4,5,6,7,8,9,10,11,12,13,14,15,16,17,18,19,20,2023-03-21 23:45:34.599168,true,false
0,1,2,3,4,5,6,7,8,9,10,11,12,13,14,15,16,17,18,19,20,2023-03-21 23:45:34.599201,true,false
0,1,2,3,4,5,6,7,8,9,10,11,12,13,14,15,16,17,18,19,20,2023-03-21 23:45:34.599236,true,false
0,1,2,3,4,5,6,7,8,9,10,11,12,13,14,15,16,17,18,19,20,2023-03-21 23:45:34.599271,true,false
0,1,2,3,4,5,6,7,8,9,10,11,12,13,14,15,16,17,18,19,20,2023-03-21 23:45:34.599305,true,false
0,1,2,3,4,5,6,7,8,9,10,11,12,13,14,15,16,17,18,19,20,2023-03-21 23:45:34.599337,true,false
0,1,2,3,4,5,6,7,8,9,10,11,12,13,14,15,16,17,18,19,20,2023-03-21 23:45:34.599372,true,false
0,1,2,3,4,5,6,7,8,9,10,11,12,13,14,15,16,17,18,19,20,2023-03-21 23:45:34.599405,true,false
0,1,2,3,4,5,6,7,8,9,10,11,12,13,14,15,16,17,18,19,20,2023-03-21 23:45:34.599438,true,false
0,1,2,3,4,5,6,7,8,9,10,11,12,13,14,15,16,17,18,19,20,2023-03-21 23:45:34.599471,true,false
0,1,2,3,4,5,6,7,8,9,10,11,12,13,14,15,16,17,18,19,20,2023-03-21 23:45:34.599504,true,false
0,1,2,3,4,5,6,7,8,9,10,11,12,13,14,15,16,17,18,19,20,2023-03-21 23:45:34.599534,true,false
0,1,2,3,4,5,6,7,8,9,10,11,12,13,14,15,16,17,18,19,20,2023-03-21 23:45:34.599565,true,false
0,1,2,3,4,5,6,7,8,9,10,11,12,13,14,15,16,17,18,19,20,2023-03-21 23:45:34.599601,true,false
0,1,2,3,4,5,6,7,8,9,10,11,12,13,14,15,16,17,18,19,20,2023-03-21 23:45:34.599634,true,false
0,1,2,3,4,5,6,7,8,9,10,11,12,13,14,15,16,17,18,19,20,2023-03-21 23:45:34.599669,true,false
0,1,2,3,4,5,6,7,8,9,10,11,12,13,14,15,16,17,18,19,20,2023-03-21 23:45:34.599706,true,false
0,1,2,3,4,5,6,7,8,9,10,11,12,13,14,15,16,17,18,19,20,2023-03-21 23:45:34.599740,true,false
0,1,2,3,4,5,6,7,8,9,10,11,12,13,14,15,16,17,18,19,20,2023-03-21 23:45:34.599775,true,false
0,1,2,3,4,5,6,7,8,9,10,11,12,13,14,15,16,17,18,19,20,2023-03-21 23:45:34.599809,true,false
0,1,2,3,4,5,6,7,8,9,10,11,12,13,14,15,16,17,18,19,20,2023-03-21 23:45:34.599840,true,false
0,1,2,3,4,5,6,7,8,9,10,11,12,13,14,15,16,17,18,19,20,2023-03-21 23:45:34.599874,true,false
0,1,2,3,4,5,6,7,8,9,10,11,12,13,14,15,16,17,18,19,20,2023-03-21 23:45:34.599906,true,false
0,1,2,3,4,5,6,7,8,9,10,11,12,13,14,15,16,17,18,19,20,2023-03-21 23:45:34.599941,true,false
0,1,2,3,4,5,6,7,8,9,10,11,12,13,14,15,16,17,18,19,20,2023-03-21 23:45:34.599975,true,false
0,1,2,3,4,5,6,7,8,9,10,11,12,13,14,15,16,17,18,19,20,2023-03-21 23:45:34.600007,true,false
0,1,2,3,4,5,6,7,8,9,10,11,12,13,14,15,16,17,18,19,20,2023-03-21 23:45:34.600040,true,false
0,1,2,3,4,5,6,7,8,9,10,11,12,13,14,15,16,17,18,19,20,2023-03-21 23:45:34.600073,true,false
0,1,2,3,4,5,6,7,8,9,10,11,12,13,14,15,16,17,18,19,20,2023-03-21 23:45:34.600108,true,false
0,1,2,3,4,5,6,7,8,9,10,11,12,13,14,15,16,17,18,19,20,2023-03-21 23:45:34.600141,true,false
0,1,2,3,4,5,6,7,8,9,10,11,12,13,14,15,16,17,18,19,20,2023-03-21 23:45:34.600174,true,false
0,1,2,3,4,5,6,7,8,9,10,11,12,13,14,15,16,17,18,19,20,2023-03-21 23:45:34.600207,true,false
0,1,2,3,4,5,6,7,8,9,10,11,12,13,14,15,16,17,18,19,20,2023-03-21 23:45:34.600240,true,false
0,1,2,3,4,5,6,7,8,9,10,11,12,13,14,15,16,17,18,19,20,2023-03-21 23:45:34.600274,true,false
0,1,2,3,4,5,6,7,8,9,10,11,12,13,14,15,16,17,18,19,20,2023-03-21 23:45:34.600311,true,false
0,1,2,3,4,5,6,7,8,9,10,11,12,13,14,15,16,17,18,19,20,2023-03-21 23:45:34.600346,true,false
0,1,2,3,4,5,6,7,8,9,10,11,12,13,14,15,16,17,18,19,20,2023-03-21 23:45:34.600380,true,false
0,1,2,3,4,5,6,7,8,9,10,11,12,13,14,15,16,17,18,19,20,2023-03-21 23:45:34.600411,true,false
0,1,2,3,4,5,6,7,8,9,10,11,12,13,14,15,16,17,18,19,20,2023-03-21 23:45:34.600441,true,false
0,1,2,3,4,5,6,7,8,9,10,11,12,13,14,15,16,17,18,19,20,2023-03-21 23:45:34.600467,true,false
0,1,2,3,4,5,6,7,8,9,10,11,12,13,14,15,16,17,18,19,20,2023-03-21 23:45:34.600495,true,false
0,1,2,3,4,5,6,7,8,9,10,11,12,13,14,15,16,17,18,19,20,2023-03-21 23:45:34.600525,true,false
0,1,2,3,4,5,6,7,8,9,10,11,12,13,14,15,16,17,18,19,20,2023-03-21 23:45:34.600554,true,false
0,1,2,3,4,5,6,7,8,9,10,11,12,13,14,15,16,17,18,19,20,2023-03-21 23:45:34.600588,true,false
0,1,2,3,4,5,6,7,8,9,10,11,12,13,14,15,16,17,18,19,20,2023-03-21 23:45:34.600620,true,false
0,1,2,3,4,5,6,7,8,9,10,11,12,13,14,15,16,17,18,19,20,2023-03-21 23:45:34.600653,true,false
0,1,2,3,4,5,6,7,8,9,10,11,12,13,14,15,16,17,18,19,20,2023-03-21 23:45:34.600686,true,false
0,1,2,3,4,5,6,7,8,9,10,11,12,13,14,15,16,17,18,19,20,2023-03-21 23:45:34.600718,true,false
0,1,2,3,4,5,6,7,8,9,10,11,12,13,14,15,16,17,18,19,20,2023-03-21 23:45:34.600746,true,false
0,1,2,3,4,5,6,7,8,9,10,11,12,13,14,15,16,17,18,19,20,2023-03-21 23:45:34.600774,true,false
0,1,2,3,4,5,6,7,8,9,10,11,12,13,14,15,16,17,18,19,20,2023-03-21 23:45:34.600822,true,false
0,1,2,3,4,5,6,7,8,9,10,11,12,13,14,15,16,17,18,19,20,2023-03-21 23:45:34.600860,true,false
0,1,2,3,4,5,6,7,8,9,10,11,12,13,14,15,16,17,18,19,20,2023-03-21 23:45:34.600895,true,false
0,1,2,3,4,5,6,7,8,9,10,11,12,13,14,15,16,17,18,19,20,2023-03-21 23:45:34.600927,true,false
0,1,2,3,4,5,6,7,8,9,10,11,12,13,14,15,16,17,18,19,20,2023-03-21 23:45:34.600960,true,false
0,1,2,3,4,5,6,7,8,9,10,11,12,13,14,15,16,17,18,19,20,2023-03-21 23:45:34.600994,true,false
0,1,2,3,4,5,6,7,8,9,10,11,12,13,14,15,16,17,18,19,20,2023-03-21 23:45:34.601029,true,false
0,1,2,3,4,5,6,7,8,9,10,11,12,13,14,15,16,17,18,19,20,2023-03-21 23:45:34.601063,true,false
0,1,2,3,4,5,6,7,8,9,10,11,12,13,14,15,16,17,18,19,20,2023-03-21 23:45:34.601099,true,false
0,1,2,3,4,5,6,7,8,9,10,11,12,13,14,15,16,17,18,19,20,2023-03-21 23:45:34.601134,true,false
0,1,2,3,4,5,6,7,8,9,10,11,12,13,14,15,16,17,18,19,20,2023-03-21 23:45:34.601167,true,false
0,1,2,3,4,5,6,7,8,9,10,11,12,13,14,15,16,17,18,19,20,2023-03-21 23:45:34.601201,true,false
0,1,2,3,4,5,6,7,8,9,10,11,12,13,14,15,16,17,18,19,20,2023-03-21 23:45:34.601233,true,false
0,1,2,3,4,5,6,7,8,9,10,11,12,13,14,15,16,17,18,19,20,2023-03-21 23:45:34.601267,true,false
0,1,2,3,4,5,6,7,8,9,10,11,12,13,14,15,16,17,18,19,20,2023-03-21 23:45:34.601301,true,false
0,1,2,3,4,5,6,7,8,9,10,11,12,13,14,15,16,17,18,19,20,2023-03-21 23:45:34.601335,true,false
0,1,2,3,4,5,6,7,8,9,10,11,12,13,14,15,16,17,18,19,20,2023-03-21 23:45:34.601366,true,false
0,1,2,3,4,5,6,7,8,9,10,11,12,13,14,15,16,17,18,19,20,2023-03-21 23:45:34.601399,true,false
0,1,2,3,4,5,6,7,8,9,10,11,12,13,14,15,16,17,18,19,20,2023-03-21 23:45:34.601432,true,false
0,1,2,3,4,5,6,7,8,9,10,11,12,13,14,15,16,17,18,19,20,2023-03-21 23:45:34.601467,true,false
0,1,2,3,4,5,6,7,8,9,10,11,12,13,14,15,16,17,18,19,20,2023-03-21 23:45:34.601499,true,false
0,1,2,3,4,5,6,7,8,9,10,11,12,13,14,15,16,17,18,19,20,2023-03-21 23:45:34.601537,true,false
0,1,2,3,4,5,6,7,8,9,10,11,12,13,14,15,16,17,18,19,20,2023-03-21 23:45:34.601570,true,false
0,1,2,3,4,5,6,7,8,9,10,11,12,13,14,15,16,17,18,19,20,2023-03-21 23:45:34.601602,true,false
0,1,2,3,4,5,6,7,8,9,10,11,12,13,14,15,16,17,18,19,20,2023-03-21 23:45:34.601634,true,false
0,1,2,3,4,5,6,7,8,9,10,11,12,13,14,15,16,17,18,19,20,2023-03-21 23:45:34.601667,true,false
0,1,2,3,4,5,6,7,8,9,10,11,12,13,14,15,16,17,18,19,20,2023-03-21 23:45:34.601698,true,false
0,1,2,3,4,5,6,7,8,9,10,11,12,13,14,15,16,17,18,19,20,2023-03-21 23:45:34.601730,true,false
0,1,2,3,4,5,6,7,8,9,10,11,12,13,14,15,16,17,18,19,20,2023-03-21 23:45:34.601762,true,false
0,1,2,3,4,5,6,7,8,9,10,11,12,13,14,15,16,17,18,19,20,2023-03-21 23:45:34.601795,true,false
0,1,2,3,4,5,6,7,8,9,10,11,12,13,14,15,16,17,18,19,20,2023-03-21 23:45:34.601826,true,false
0,1,2,3,4,5,6,7,8,9,10,11,12,13,14,15,16,17,18,19,20,2023-03-21 23:45:34.601858,true,false
0,1,2,3,4,5,6,7,8,9,10,11,12,13,14,15,16,17,18,19,20,2023-03-21 23:45:34.601892,true,false
0,1,2,3,4,5,6,7,8,9,10,11,12,13,14,15,16,17,18,19,20,2023-03-21 23:45:34.601925,true,false
0,1,2,3,4,5,6,7,8,9,10,11,12,13,14,15,16,17,18,19,20,2023-03-21 23:45:34.601959,true,false
0,1,2,3,4,5,6,7,8,9,10,11,12,13,14,15,16,17,18,19,20,2023-03-21 23:45:34.601990,true,false
0,1,2,3,4,5,6,7,8,9,10,11,12,13,14,15,16,17,18,19,20,2023-03-21 23:45:34.602025,true,false
0,1,2,3,4,5,6,7,8,9,10,11,12,13,14,15,16,17,18,19,20,2023-03-21 23:45:34.602058,true,false
0,1,2,3,4,5,6,7,8,9,10,11,12,13,14,15,16,17,18,19,20,2023-03-21 23:45:34.602091,true,false
0,1,2,3,4,5,6,7,8,9,10,11,12,13,14,15,16,17,18,19,20,2023-03-21 23:45:34.602123,true,false
0,1,2,3,4,5,6,7,8,9,10,11,12,13,14,15,16,17,18,19,20,2023-03-21 23:45:34.602154,true,false
0,1,2,3,4,5,6,7,8,9,10,11,12,13,14,15,16,17,18,19,20,2023-03-21 23:45:34.602188,true,false
0,1,2,3,4,5,6,7,8,9,10,11,12,13,14,15,16,17,18,19,20,2023-03-21 23:45:34.602219,true,false
0,1,2,3,4,5,6,7,8,9,10,11,12,13,14,15,16,17,18,19,20,2023-03-21 23:45:34.602251,true,false
0,1,2,3,4,5,6,7,8,9,10,11,12,13,14,15,16,17,18,19,20,2023-03-21 23:45:34.602284,true,false
0,1,2,3,4,5,6,7,8,9,10,11,12,13,14,15,16,17,18,19,20,2023-03-21 23:45:34.602316,true,false
0,1,2,3,4,5,6,7,8,9,10,11,12,13,14,15,16,17,18,19,20,2023-03-21 23:45:34.602350,true,false
0,1,2,3,4,5,6,7,8,9,10,11,12,13,14,15,16,17,18,19,20,2023-03-21 23:45:34.602381,true,false
0,1,2,3,4,5,6,7,8,9,10,11,12,13,14,15,16,17,18,19,20,2023-03-21 23:45:34.602414,true,false
0,1,2,3,4,5,6,7,8,9,10,11,12,13,14,15,16,17,18,19,20,2023-03-21 23:45:34.602447,true,false
0,1,2,3,4,5,6,7,8,9,10,11,12,13,14,15,16,17,18,19,20,2023-03-21 23:45:34.602480,true,false
0,1,2,3,4,5,6,7,8,9,10,11,12,13,14,15,16,17,18,19,20,2023-03-21 23:45:34.602510,true,false
0,1,2,3,4,5,6,7,8,9,10,11,12,13,14,15,16,17,18,19,20,2023-03-21 23:45:34.602537,true,false
0,1,2,3,4,5,6,7,8,9,10,11,12,13,14,15,16,17,18,19,20,2023-03-21 23:45:34.602570,true,false
0,1,2,3,4,5,6,7,8,9,10,11,12,13,14,15,16,17,18,19,20,2023-03-21 23:45:34.602605,true,false
0,1,2,3,4,5,6,7,8,9,10,11,12,13,14,15,16,17,18,19,20,2023-03-21 23:45:34.602638,true,false
0,1,2,3,4,5,6,7,8,9,10,11,12,13,14,15,16,17,18,19,20,2023-03-21 23:45:34.602672,true,false
0,1,2,3,4,5,6,7,8,9,10,11,12,13,14,15,16,17,18,19,20,2023-03-21 23:45:34.602703,true,false
0,1,2,3,4,5,6,7,8,9,10,11,12,13,14,15,16,17,18,19,20,2023-03-21 23:45:34.602730,true,false
0,1,2,3,4,5,6,7,8,9,10,11,12,13,14,15,16,17,18,19,20,2023-03-21 23:45:34.602757,true,false
0,1,2,3,4,5,6,7,8,9,10,11,12,13,14,15,16,17,18,19,20,2023-03-21 23:45:34.602785,true,false
0,1,2,3,4,5,6,7,8,9,10,11,12,13,14,15,16,17,18,19,20,2023-03-21 23:45:34.602812,true,false
0,1,2,3,4,5,6,7,8,9,10,11,12,13,14,15,16,17,18,19,20,2023-03-21 23:45:34.602841,true,false
0,1,2,3,4,5,6,7,8,9,10,11,12,13,14,15,16,17,18,19,20,2023-03-21 23:45:34.602869,true,false
0,1,2,3,4,5,6,7,8,9,10,11,12,13,14,15,16,17,18,19,20,2023-03-21 23:45:34.602897,true,false
0,1,2,3,4,5,6,7,8,9,10,11,12,13,14,15,16,17,18,19,20,2023-03-21 23:45:34.602925,true,false
0,1,2,3,4,5,6,7,8,9,10,11,12,13,14,15,16,17,18,19,20,2023-03-21 23:45:34.602953,true,false
0,1,2,3,4,5,6,7,8,9,10,11,12,13,14,15,16,17,18,19,20,2023-03-21 23:45:34.602983,true,false
0,1,2,3,4,5,6,7,8,9,10,11,12,13,14,15,16,17,18,19,20,2023-03-21 23:45:34.603011,true,false
0,1,2,3,4,5,6,7,8,9,10,11,12,13,14,15,16,17,18,19,20,2023-03-21 23:45:34.603040,true,false
0,1,2,3,4,5,6,7,8,9,10,11,12,13,14,15,16,17,18,19,20,2023-03-21 23:45:34.603069,true,false
0,1,2,3,4,5,6,7,8,9,10,11,12,13,14,15,16,17,18,19,20,2023-03-21 23:45:34.603098,true,false
0,1,2,3,4,5,6,7,8,9,10,11,12,13,14,15,16,17,18,19,20,2023-03-21 23:45:34.603125,true,false
0,1,2,3,4,5,6,7,8,9,10,11,12,13,14,15,16,17,18,19,20,2023-03-21 23:45:34.603154,true,false
0,1,2,3,4,5,6,7,8,9,10,11,12,13,14,15,16,17,18,19,20,2023-03-21 23:45:34.603181,true,false
0,1,2,3,4,5,6,7,8,9,10,11,12,13,14,15,16,17,18,19,20,2023-03-21 23:45:34.603209,true,false
0,1,2,3,4,5,6,7,8,9,10,11,12,13,14,15,16,17,18,19,20,2023-03-21 23:45:34.603236,true,false
0,1,2,3,4,5,6,7,8,9,10,11,12,13,14,15,16,17,18,19,20,2023-03-21 23:45:34.603263,true,false
0,1,2,3,4,5,6,7,8,9,10,11,12,13,14,15,16,17,18,19,20,2023-03-21 23:45:34.603294,true,false
0,1,2,3,4,5,6,7,8,9,10,11,12,13,14,15,16,17,18,19,20,2023-03-21 23:45:34.603324,true,false
0,1,2,3,4,5,6,7,8,9,10,11,12,13,14,15,16,17,18,19,20,2023-03-21 23:45:34.603361,true,false
0,1,2,3,4,5,6,7,8,9,10,11,12,13,14,15,16,17,18,19,20,2023-03-21 23:45:34.603392,true,false
0,1,2,3,4,5,6,7,8,9,10,11,12,13,14,15,16,17,18,19,20,2023-03-21 23:45:34.603425,true,false
0,1,2,3,4,5,6,7,8,9,10,11,12,13,14,15,16,17,18,19,20,2023-03-21 23:45:34.603457,true,false
0,1,2,3,4,5,6,7,8,9,10,11,12,13,14,15,16,17,18,19,20,2023-03-21 23:45:34.603495,true,false
0,1,2,3,4,5,6,7,8,9,10,11,12,13,14,15,16,17,18,19,20,2023-03-21 23:45:34.603527,true,false
0,1,2,3,4,5,6,7,8,9,10,11,12,13,14,15,16,17,18,19,20,2023-03-21 23:45:34.603558,true,false
0,1,2,3,4,5,6,7,8,9,10,11,12,13,14,15,16,17,18,19,20,2023-03-21 23:45:34.603588,true,false
0,1,2,3,4,5,6,7,8,9,10,11,12,13,14,15,16,17,18,19,20,2023-03-21 23:45:34.603621,true,false
0,1,2,3,4,5,6,7,8,9,10,11,12,13,14,15,16,17,18,19,20,2023-03-21 23:45:34.603652,true,false
0,1,2,3,4,5,6,7,8,9,10,11,12,13,14,15,16,17,18,19,20,2023-03-21 23:45:34.603683,true,false
0,1,2,3,4,5,6,7,8,9,10,11,12,13,14,15,16,17,18,19,20,2023-03-21 23:45:34.603715,true,false
0,1,2,3,4,5,6,7,8,9,10,11,12,13,14,15,16,17,18,19,20,2023-03-21 23:45:34.603743,true,false
0,1,2,3,4,5,6,7,8,9,10,11,12,13,14,15,16,17,18,19,20,2023-03-21 23:45:34.603772,true,false
0,1,2,3,4,5,6,7,8,9,10,11,12,13,14,15,16,17,18,19,20,2023-03-21 23:45:34.603800,true,false
0,1,2,3,4,5,6,7,8,9,10,11,12,13,14,15,16,17,18,19,20,2023-03-21 23:45:34.603827,true,false
0,1,2,3,4,5,6,7,8,9,10,11,12,13,14,15,16,17,18,19,20,2023-03-21 23:45:34.603855,true,false
0,1,2,3,4,5,6,7,8,9,10,11,12,13,14,15,16,17,18,19,20,2023-03-21 23:45:34.603882,true,false
0,1,2,3,4,5,6,7,8,9,10,11,12,13,14,15,16,17,18,19,20,2023-03-21 23:45:34.603910,true,false
0,1,2,3,4,5,6,7,8,9,10,11,12,13,14,15,16,17,18,19,20,2023-03-21 23:45:34.603938,true,false
0,1,2,3,4,5,6,7,8,9,10,11,12,13,14,15,16,17,18,19,20,2023-03-21 23:45:34.603967,true,false
0,1,2,3,4,5,6,7,8,9,10,11,12,13,14,15,16,17,18,19,20,2023-03-21 23:45:34.603995,true,false
0,1,2,3,4,5,6,7,8,9,10,11,12,13,14,15,16,17,18,19,20,2023-03-21 23:45:34.604023,true,false
0,1,2,3,4,5,6,7,8,9,10,11,12,13,14,15,16,17,18,19,20,2023-03-21 23:45:34.604051,true,false
0,1,2,3,4,5,6,7,8,9,10,11,12,13,14,15,16,17,18,19,20,2023-03-21 23:45:34.604079,true,false
0,1,2,3,4,5,6,7,8,9,10,11,12,13,14,15,16,17,18,19,20,2023-03-21 23:45:34.604106,true,false
0,1,2,3,4,5,6,7,8,9,10,11,12,13,14,15,16,17,18,19,20,2023-03-21 23:45:34.604134,true,false
0,1,2,3,4,5,6,7,8,9,10,11,12,13,14,15,16,17,18,19,20,2023-03-21 23:45:34.604162,true,false
0,1,2,3,4,5,6,7,8,9,10,11,12,13,14,15,16,17,18,19,20,2023-03-21 23:45:34.604190,true,false
0,1,2,3,4,5,6,7,8,9,10,11,12,13,14,15,16,17,18,19,20,2023-03-21 23:45:34.604218,true,false
0,1,2,3,4,5,6,7,8,9,10,11,12,13,14,15,16,17,18,19,20,2023-03-21 23:45:34.604246,true,false
0,1,2,3,4,5,6,7,8,9,10,11,12,13,14,15,16,17,18,19,20,2023-03-21 23:45:34.604274,true,false
0,1,2,3,4,5,6,7,8,9,10,11,12,13,14,15,16,17,18,19,20,2023-03-21 23:45:34.604304,true,false
0,1,2,3,4,5,6,7,8,9,10,11,12,13,14,15,16,17,18,19,20,2023-03-21 23:45:34.604333,true,false
0,1,2,3,4,5,6,7,8,9,10,11,12,13,14,15,16,17,18,19,20,2023-03-21 23:45:34.604362,true,false
0,1,2,3,4,5,6,7,8,9,10,11,12,13,14,15,16,17,18,19,20,2023-03-21 23:45:34.604389,true,false
0,1,2,3,4,5,6,7,8,9,10,11,12,13,14,15,16,17,18,19,20,2023-03-21 23:45:34.604418,true,false
0,1,2,3,4,5,6,7,8,9,10,11,12,13,14,15,16,17,18,19,20,2023-03-21 23:45:34.604446,true,false
0,1,2,3,4,5,6,7,8,9,10,11,12,13,14,15,16,17,18,19,20,2023-03-21 23:45:34.604475,true,false
0,1,2,3,4,5,6,7,8,9,10,11,12,13,14,15,16,17,18,19,20,2023-03-21 23:45:34.604503,true,false
0,1,2,3,4,5,6,7,8,9,10,11,12,13,14,15,16,17,18,19,20,2023-03-21 23:45:34.604531,true,false
0,1,2,3,4,5,6,7,8,9,10,11,12,13,14,15,16,17,18,19,20,2023-03-21 23:45:34.604560,true,false
0,1,2,3,4,5,6,7,8,9,10,11,12,13,14,15,16,17,18,19,20,2023-03-21 23:45:34.604587,true,false
0,1,2,3,4,5,6,7,8,9,10,11,12,13,14,15,16,17,18,19,20,2023-03-21 23:45:34.604615,true,false
0,1,2,3,4,5,6,7,8,9,10,11,12,13,14,15,16,17,18,19,20,2023-03-21 23:45:34.604646,true,false
0,1,2,3,4,5,6,7,8,9,10,11,12,13,14,15,16,17,18,19,20,2023-03-21 23:45:34.604673,true,false
0,1,2,3,4,5,6,7,8,9,10,11,12,13,14,15,16,17,18,19,20,2023-03-21 23:45:34.604700,true,false
0,1,2,3,4,5,6,7,8,9,10,11,12,13,14,15,16,17,18,19,20,2023-03-21 23:45:34.604727,true,false
0,1,2,3,4,5,6,7,8,9,10,11,12,13,14,15,16,17,18,19,20,2023-03-21 23:45:34.604754,true,false
0,1,2,3,4,5,6,7,8,9,10,11,12,13,14,15,16,17,18,19,20,2023-03-21 23:45:34.604782,true,false
0,1,2,3,4,5,6,7,8,9,10,11,12,13,14,15,16,17,18,19,20,2023-03-21 23:45:34.604810,true,false
0,1,2,3,4,5,6,7,8,9,10,11,12,13,14,15,16,17,18,19,20,2023-03-21 23:45:34.604839,true,false
0,1,2,3,4,5,6,7,8,9,10,11,12,13,14,15,16,17,18,19,20,2023-03-21 23:45:34.604867,true,false
0,1,2,3,4,5,6,7,8,9,10,11,12,13,14,15,16,17,18,19,20,2023-03-21 23:45:34.604898,true,false
0,1,2,3,4,5,6,7,8,9,10,11,12,13,14,15,16,17,18,19,20,2023-03-21 23:45:34.604932,true,false
0,1,2,3,4,5,6,7,8,9,10,11,12,13,14,15,16,17,18,19,20,2023-03-21 23:45:34.604962,true,false
0,1,2,3,4,5,6,7,8,9,10,11,12,13,14,15,16,17,18,19,20,2023-03-21 23:45:34.604992,true,false
0,1,2,3,4,5,6,7,8,9,10,11,12,13,14,15,16,17,18,19,20,2023-03-21 23:45:34.605021,true,false
0,1,2,3,4,5,6,7,8,9,10,11,12,13,14,15,16,17,18,19,20,2023-03-21 23:45:34.605052,true,false
0,1,2,3,4,5,6,7,8,9,10,11,12,13,14,15,16,17,18,19,20,2023-03-21 23:45:34.605082,true,false
0,1,2,3,4,5,6,7,8,9,10,11,12,13,14,15,16,17,18,19,20,2023-03-21 23:45:34.605113,true,false
0,1,2,3,4,5,6,7,8,9,10,11,12,13,14,15,16,17,18,19,20,2023-03-21 23:45:34.605144,true,false
0,1,2,3,4,5,6,7,8,9,10,11,12,13,14,15,16,17,18,19,20,2023-03-21 23:45:34.605178,true,false
0,1,2,3,4,5,6,7,8,9,10,11,12,13,14,15,16,17,18,19,20,2023-03-21 23:45:34.605213,true,false
0,1,2,3,4,5,6,7,8,9,10,11,12,13,14,15,16,17,18,19,20,2023-03-21 23:45:34.605245,true,false
0,1,2,3,4,5,6,7,8,9,10,11,12,13,14,15,16,17,18,19,20,2023-03-21 23:45:34.605275,true,false
0,1,2,3,4,5,6,7,8,9,10,11,12,13,14,15,16,17,18,19,20,2023-03-21 23:45:34.605307,true,false
0,1,2,3,4,5,6,7,8,9,10,11,12,13,14,15,16,17,18,19,20,2023-03-21 23:45:34.605339,true,false
0,1,2,3,4,5,6,7,8,9,10,11,12,13,14,15,16,17,18,19,20,2023-03-21 23:45:34.605371,true,false
0,1,2,3,4,5,6,7,8,9,10,11,12,13,14,15,16,17,18,19,20,2023-03-21 23:45:34.605403,true,false
0,1,2,3,4,5,6,7,8,9,10,11,12,13,14,15,16,17,18,19,20,2023-03-21 23:45:34.605434,true,false
0,1,2,3,4,5,6,7,8,9,10,11,12,13,14,15,16,17,18,19,20,2023-03-21 23:45:34.605463,true,false
0,1,2,3,4,5,6,7,8,9,10,11,12,13,14,15,16,17,18,19,20,2023-03-21 23:45:34.605494,true,false
0,1,2,3,4,5,6,7,8,9,10,11,12,13,14,15,16,17,18,19,20,2023-03-21 23:45:34.605529,true,false
0,1,2,3,4,5,6,7,8,9,10,11,12,13,14,15,16,17,18,19,20,2023-03-21 23:45:34.605564,true,false
0,1,2,3,4,5,6,7,8,9,10,11,12,13,14,15,16,17,18,19,20,2023-03-21 23:45:34.605601,true,false
0,1,2,3,4,5,6,7,8,9,10,11,12,13,14,15,16,17,18,19,20,2023-03-21 23:45:34.605635,true,false
0,1,2,3,4,5,6,7,8,9,10,11,12,13,14,15,16,17,18,19,20,2023-03-21 23:45:34.605667,true,false
0,1,2,3,4,5,6,7,8,9,10,11,12,13,14,15,16,17,18,19,20,2023-03-21 23:45:34.605699,true,false
0,1,2,3,4,5,6,7,8,9,10,11,12,13,14,15,16,17,18,19,20,2023-03-21 23:45:34.605734,true,false
0,1,2,3,4,5,6,7,8,9,10,11,12,13,14,15,16,17,18,19,20,2023-03-21 23:45:34.605768,true,false
0,1,2,3,4,5,6,7,8,9,10,11,12,13,14,15,16,17,18,19,20,2023-03-21 23:45:34.605801,true,false
0,1,2,3,4,5,6,7,8,9,10,11,12,13,14,15,16,17,18,19,20,2023-03-21 23:45:34.605836,true,false
0,1,2,3,4,5,6,7,8,9,10,11,12,13,14,15,16,17,18,19,20,2023-03-21 23:45:34.605871,true,false
0,1,2,3,4,5,6,7,8,9,10,11,12,13,14,15,16,17,18,19,20,2023-03-21 23:45:34.605903,true,false
0,1,2,3,4,5,6,7,8,9,10,11,12,13,14,15,16,17,18,19,20,2023-03-21 23:45:34.605932,true,false
0,1,2,3,4,5,6,7,8,9,10,11,12,13,14,15,16,17,18,19,20,2023-03-21 23:45:34.605960,true,false
0,1,2,3,4,5,6,7,8,9,10,11,12,13,14,15,16,17,18,19,20,2023-03-21 23:45:34.605989,true,false
0,1,2,3,4,5,6,7,8,9,10,11,12,13,14,15,16,17,18,19,20,2023-03-21 23:45:34.606017,true,false
0,1,2,3,4,5,6,7,8,9,10,11,12,13,14,15,16,17,18,19,20,2023-03-21 23:45:34.606048,true,false
0,1,2,3,4,5,6,7,8,9,10,11,12,13,14,15,16,17,18,19,20,2023-03-21 23:45:34.606078,true,false
0,1,2,3,4,5,6,7,8,9,10,11,12,13,14,15,16,17,18,19,20,2023-03-21 23:45:34.606113,true,false
0,1,2,3,4,5,6,7,8,9,10,11,12,13,14,15,16,17,18,19,20,2023-03-21 23:45:34.606144,true,false
0,1,2,3,4,5,6,7,8,9,10,11,12,13,14,15,16,17,18,19,20,2023-03-21 23:45:34.606180,true,false
0,1,2,3,4,5,6,7,8,9,10,11,12,13,14,15,16,17,18,19,20,2023-03-21 23:45:34.606214,true,false
0,1,2,3,4,5,6,7,8,9,10,11,12,13,14,15,16,17,18,19,20,2023-03-21 23:45:34.606242,true,false
0,1,2,3,4,5,6,7,8,9,10,11,12,13,14,15,16,17,18,19,20,2023-03-21 23:45:34.606275,true,false
0,1,2,3,4,5,6,7,8,9,10,11,12,13,14,15,16,17,18,19,20,2023-03-21 23:45:34.606311,true,false
0,1,2,3,4,5,6,7,8,9,10,11,12,13,14,15,16,17,18,19,20,2023-03-21 23:45:34.606345,true,false
0,1,2,3,4,5,6,7,8,9,10,11,12,13,14,15,16,17,18,19,20,2023-03-21 23:45:34.606379,true,false
0,1,2,3,4,5,6,7,8,9,10,11,12,13,14,15,16,17,18,19,20,2023-03-21 23:45:34.606413,true,false
0,1,2,3,4,5,6,7,8,9,10,11,12,13,14,15,16,17,18,19,20,2023-03-21 23:45:34.606445,true,false
0,1,2,3,4,5,6,7,8,9,10,11,12,13,14,15,16,17,18,19,20,2023-03-21 23:45:34.606472,true,false
0,1,2,3,4,5,6,7,8,9,10,11,12,13,14,15,16,17,18,19,20,2023-03-21 23:45:34.606502,true,false
0,1,2,3,4,5,6,7,8,9,10,11,12,13,14,15,16,17,18,19,20,2023-03-21 23:45:34.606535,true,false
0,1,2,3,4,5,6,7,8,9,10,11,12,13,14,15,16,17,18,19,20,2023-03-21 23:45:34.606569,true,false
0,1,2,3,4,5,6,7,8,9,10,11,12,13,14,15,16,17,18,19,20,2023-03-21 23:45:34.606599,true,false
0,1,2,3,4,5,6,7,8,9,10,11,12,13,14,15,16,17,18,19,20,2023-03-21 23:45:34.606631,true,false
0,1,2,3,4,5,6,7,8,9,10,11,12,13,14,15,16,17,18,19,20,2023-03-21 23:45:34.606663,true,false
0,1,2,3,4,5,6,7,8,9,10,11,12,13,14,15,16,17,18,19,20,2023-03-21 23:45:34.606694,true,false
0,1,2,3,4,5,6,7,8,9,10,11,12,13,14,15,16,17,18,19,20,2023-03-21 23:45:34.606725,true,false
0,1,2,3,4,5,6,7,8,9,10,11,12,13,14,15,16,17,18,19,20,2023-03-21 23:45:34.606755,true,false
0,1,2,3,4,5,6,7,8,9,10,11,12,13,14,15,16,17,18,19,20,2023-03-21 23:45:34.606788,true,false
0,1,2,3,4,5,6,7,8,9,10,11,12,13,14,15,16,17,18,19,20,2023-03-21 23:45:34.606820,true,false
0,1,2,3,4,5,6,7,8,9,10,11,12,13,14,15,16,17,18,19,20,2023-03-21 23:45:34.606855,true,false
0,1,2,3,4,5,6,7,8,9,10,11,12,13,14,15,16,17,18,19,20,2023-03-21 23:45:34.606887,true,false
0,1,2,3,4,5,6,7,8,9,10,11,12,13,14,15,16,17,18,19,20,2023-03-21 23:45:34.606921,true,false
0,1,2,3,4,5,6,7,8,9,10,11,12,13,14,15,16,17,18,19,20,2023-03-21 23:45:34.606953,true,false
0,1,2,3,4,5,6,7,8,9,10,11,12,13,14,15,16,17,18,19,20,2023-03-21 23:45:34.606984,true,false
0,1,2,3,4,5,6,7,8,9,10,11,12,13,14,15,16,17,18,19,20,2023-03-21 23:45:34.607016,true,false
0,1,2,3,4,5,6,7,8,9,10,11,12,13,14,15,16,17,18,19,20,2023-03-21 23:45:34.607052,true,false
0,1,2,3,4,5,6,7,8,9,10,11,12,13,14,15,16,17,18,19,20,2023-03-21 23:45:34.607083,true,false
0,1,2,3,4,5,6,7,8,9,10,11,12,13,14,15,16,17,18,19,20,2023-03-21 23:45:34.607115,true,false
0,1,2,3,4,5,6,7,8,9,10,11,12,13,14,15,16,17,18,19,20,2023-03-21 23:45:34.607148,true,false
0,1,2,3,4,5,6,7,8,9,10,11,12,13,14,15,16,17,18,19,20,2023-03-21 23:45:34.607179,true,false
0,1,2,3,4,5,6,7,8,9,10,11,12,13,14,15,16,17,18,19,20,2023-03-21 23:45:34.607207,true,false
0,1,2,3,4,5,6,7,8,9,10,11,12,13,14,15,16,17,18,19,20,2023-03-21 23:45:34.607236,true,false
0,1,2,3,4,5,6,7,8,9,10,11,12,13,14,15,16,17,18,19,20,2023-03-21 23:45:34.607264,true,false
0,1,2,3,4,5,6,7,8,9,10,11,12,13,14,15,16,17,18,19,20,2023-03-21 23:45:34.607293,true,false
0,1,2,3,4,5,6,7,8,9,10,11,12,13,14,15,16,17,18,19,20,2023-03-21 23:45:34.607322,true,false
0,1,2,3,4,5,6,7,8,9,10,11,12,13,14,15,16,17,18,19,20,2023-03-21 23:45:34.607365,true,false
0,1,2,3,4,5,6,7,8,9,10,11,12,13,14,15,16,17,18,19,20,2023-03-21 23:45:34.607417,true,false
0,1,2,3,4,5,6,7,8,9,10,11,12,13,14,15,16,17,18,19,20,2023-03-21 23:45:34.607455,true,false
0,1,2,3,4,5,6,7,8,9,10,11,12,13,14,15,16,17,18,19,20,2023-03-21 23:45:34.607493,true,false
0,1,2,3,4,5,6,7,8,9,10,11,12,13,14,15,16,17,18,19,20,2023-03-21 23:45:34.607531,true,false
0,1,2,3,4,5,6,7,8,9,10,11,12,13,14,15,16,17,18,19,20,2023-03-21 23:45:34.607565,true,false
0,1,2,3,4,5,6,7,8,9,10,11,12,13,14,15,16,17,18,19,20,2023-03-21 23:45:34.607599,true,false
0,1,2,3,4,5,6,7,8,9,10,11,12,13,14,15,16,17,18,19,20,2023-03-21 23:45:34.607632,true,false
0,1,2,3,4,5,6,7,8,9,10,11,12,13,14,15,16,17,18,19,20,2023-03-21 23:45:34.607665,true,false
